P_ID,P_ID2,Valve Size,Co-efficients,10,20,30,40,50,60,70,80,90,100
globe#microspline#equal#under#900,globe#microspline#equal#under#900#1#0.75#0.5,1,Cv,0.105,0.184,0.314,0.488,0.716,1.04,1.53,2.3,3.2,4.21
globe#microspline#equal#under#900,globe#microspline#equal#under#900#1#0.75#0.5,1,FL,0.84,0.84,0.84,0.84,0.84,0.84,0.84,0.84,0.84,0.84
globe#microspline#equal#under#900,globe#microspline#equal#under#900#1#0.75#0.5,1,Xt,0.974,0.792,0.654,0.638,0.63,0.58,0.547,0.497,0.523,0.549
globe#microspline#equal#under#900,globe#microspline#equal#under#900#1#0.75#0.5,1,Fd,1,1,1,1,1,1,1,1,1,1
globe#microspline#equal#under#900,globe#microspline#equal#under#900#1#0.75#0.25,1,Cv,0.053,0.073,0.101,0.146,0.216,0.312,0.433,0.588,0.802,1.07
globe#microspline#equal#under#900,globe#microspline#equal#under#900#1#0.75#0.25,1,FL,0.9,0.9,0.9,0.9,0.9,0.9,0.9,0.9,0.9,0.9
globe#microspline#equal#under#900,globe#microspline#equal#under#900#1#0.75#0.25,1,Xt,0.692,0.648,0.639,0.625,0.6,0.586,0.597,0.613,0.62,0.624
globe#microspline#equal#under#900,globe#microspline#equal#under#900#1#0.75#0.25,1,Fd,1,1,1,1,1,1,1,1,1,1
globe#microspline#equal#under#900,globe#microspline#equal#under#900#1#0.75#0.25,1,Cv,0.039,0.46,0.056,0.072,0.094,0.124,0.162,0.212,0.278,0.354
globe#microspline#equal#under#900,globe#microspline#equal#under#900#1#0.75#0.25,1,FL,0.87,0.87,0.87,0.87,0.87,0.87,0.87,0.87,0.87,0.87
globe#microspline#equal#under#900,globe#microspline#equal#under#900#1#0.75#0.25,1,Xt,0.778,0.734,0.69,0.653,0.642,0.635,0.637,0.634,0.632,0.656
globe#microspline#equal#under#900,globe#microspline#equal#under#900#1#0.75#0.25,1,Fd,1,1,1,1,1,1,1,1,1,1
globe#microspline#equal#under#1500,globe#microspline#equal#under#1500#1#0.75#0.5,1,Cv,0.105,0.184,0.314,0.488,0.716,1.04,1.53,2.3,3.2,4.21
globe#microspline#equal#under#1500,globe#microspline#equal#under#1500#1#0.75#0.5,1,FL,0.84,0.84,0.84,0.84,0.84,0.84,0.84,0.84,0.84,0.84
globe#microspline#equal#under#1500,globe#microspline#equal#under#1500#1#0.75#0.5,1,Xt,0.974,0.792,0.654,0.638,0.63,0.58,0.547,0.497,0.523,0.549
globe#microspline#equal#under#1500,globe#microspline#equal#under#1500#1#0.75#0.5,1,Fd,1,1,1,1,1,1,1,1,1,1
globe#microspline#equal#under#1500,globe#microspline#equal#under#1500#1#0.75#0.25,1,Cv,0.053,0.073,0.101,0.146,0.216,0.312,0.433,0.588,0.802,1.07
globe#microspline#equal#under#1500,globe#microspline#equal#under#1500#1#0.75#0.25,1,FL,0.9,0.9,0.9,0.9,0.9,0.9,0.9,0.9,0.9,0.9
globe#microspline#equal#under#1500,globe#microspline#equal#under#1500#1#0.75#0.25,1,Xt,0.692,0.648,0.639,0.625,0.6,0.586,0.597,0.613,0.62,0.624
globe#microspline#equal#under#1500,globe#microspline#equal#under#1500#1#0.75#0.25,1,Fd,1,1,1,1,1,1,1,1,1,1
globe#microspline#equal#under#1500,globe#microspline#equal#under#1500#1#0.75#0.25,1,Cv,0.039,0.46,0.056,0.072,0.094,0.124,0.162,0.212,0.278,0.354
globe#microspline#equal#under#1500,globe#microspline#equal#under#1500#1#0.75#0.25,1,FL,0.87,0.87,0.87,0.87,0.87,0.87,0.87,0.87,0.87,0.87
globe#microspline#equal#under#1500,globe#microspline#equal#under#1500#1#0.75#0.25,1,Xt,0.778,0.734,0.69,0.653,0.642,0.635,0.637,0.634,0.632,0.656
globe#microspline#equal#under#1500,globe#microspline#equal#under#1500#1#0.75#0.25,1,Fd,1,1,1,1,1,1,1,1,1,1
globe#microspline#equal#under#2000,globe#microspline#equal#under#2000#1#0.75#0.5,1,Cv,0.105,0.184,0.314,0.488,0.716,1.04,1.53,2.3,3.2,4.21
globe#microspline#equal#under#2000,globe#microspline#equal#under#2000#1#0.75#0.5,1,FL,0.84,0.84,0.84,0.84,0.84,0.84,0.84,0.84,0.84,0.84
globe#microspline#equal#under#2000,globe#microspline#equal#under#2000#1#0.75#0.5,1,Xt,0.974,0.792,0.654,0.638,0.63,0.58,0.547,0.497,0.523,0.549
globe#microspline#equal#under#2000,globe#microspline#equal#under#2000#1#0.75#0.5,1,Fd,1,1,1,1,1,1,1,1,1,1
globe#microspline#equal#under#2000,globe#microspline#equal#under#2000#1#0.75#0.25,1,Cv,0.053,0.073,0.101,0.146,0.216,0.312,0.433,0.588,0.802,1.07
globe#microspline#equal#under#2000,globe#microspline#equal#under#2000#1#0.75#0.25,1,FL,0.9,0.9,0.9,0.9,0.9,0.9,0.9,0.9,0.9,0.9
globe#microspline#equal#under#2000,globe#microspline#equal#under#2000#1#0.75#0.25,1,Xt,0.692,0.648,0.639,0.625,0.6,0.586,0.597,0.613,0.62,0.624
globe#microspline#equal#under#2000,globe#microspline#equal#under#2000#1#0.75#0.25,1,Fd,1,1,1,1,1,1,1,1,1,1
globe#microspline#equal#under#2000,globe#microspline#equal#under#2000#1#0.75#0.25,1,Cv,0.039,0.46,0.056,0.072,0.094,0.124,0.162,0.212,0.278,0.354
globe#microspline#equal#under#2000,globe#microspline#equal#under#2000#1#0.75#0.25,1,FL,0.87,0.87,0.87,0.87,0.87,0.87,0.87,0.87,0.87,0.87
globe#microspline#equal#under#2000,globe#microspline#equal#under#2000#1#0.75#0.25,1,Xt,0.778,0.734,0.69,0.653,0.642,0.635,0.637,0.634,0.632,0.656
globe#microspline#equal#under#2000,globe#microspline#equal#under#2000#1#0.75#0.25,1,Fd,1,1,1,1,1,1,1,1,1,1
globe#contour#equal#under#900,globe#contour#equal#under#900#1#0.75#0.25,1,Cv,0.072,0.102,0.138,0.209,0.309,0.438,0.63,0.894,1.22,1.61
globe#contour#equal#under#900,globe#contour#equal#under#900#1#0.75#0.25,1,FL,0.96,0.96,0.96,0.96,0.96,0.96,0.96,0.96,0.96,0.96
globe#contour#equal#under#900,globe#contour#equal#under#900#1#0.75#0.25,1,Xt,0.972,0.971,0.986,0.792,0.668,0.611,0.611,0.609,0.606,0.61
globe#contour#equal#under#900,globe#contour#equal#under#900#1#0.75#0.25,1,Fd,1,1,1,1,1,1,1,1,1,1
globe#contour#equal#under#900,globe#contour#equal#under#900#1#0.75#0.5,1,Cv,0.269,0.404,0.555,0.738,1.03,1.52,2.18,3.1,4.23,5.39
globe#contour#equal#under#900,globe#contour#equal#under#900#1#0.75#0.5,1,FL,0.97,0.97,0.97,0.97,0.97,0.97,0.97,0.97,0.97,0.97
globe#contour#equal#under#900,globe#contour#equal#under#900#1#0.75#0.5,1,Xt,0.789,0.708,0.702,0.65,0.626,0.572,0.583,0.606,0.646,0.713
globe#contour#equal#under#900,globe#contour#equal#under#900#1#0.75#0.5,1,Fd,1,1,1,1,1,1,1,1,1,1
globe#contour#equal#under#900,globe#contour#equal#under#900#1#0.75#0.75,1,Cv,0.384,0.577,0.941,1.39,2.02,2.93,4.4,6.58,8.45,9.61
globe#contour#equal#under#900,globe#contour#equal#under#900#1#0.75#0.75,1,FL,0.95,0.95,0.95,0.95,0.95,0.95,0.95,0.95,0.95,0.95
globe#contour#equal#under#900,globe#contour#equal#under#900#1#0.75#0.75,1,Xt,0.532,0.774,0.714,0.587,0.579,0.584,0.588,0.607,0.672,0.773
globe#contour#equal#under#900,globe#contour#equal#under#900#1#0.75#0.75,1,Fd,1,1,1,1,1,1,1,1,1,1
globe#contour#equal#under#900,globe#contour#equal#under#900#2#0.75#0.25,2,Cv,0.072,0.102,0.138,0.209,0.309,0.438,0.63,0.894,1.22,1.61
globe#contour#equal#under#900,globe#contour#equal#under#900#2#0.75#0.25,2,FL,0.96,0.96,0.96,0.96,0.96,0.96,0.96,0.96,0.96,0.96
globe#contour#equal#under#900,globe#contour#equal#under#900#2#0.75#0.25,2,Xt,0.972,0.971,0.986,0.792,0.668,0.611,0.611,0.609,0.606,0.61
globe#contour#equal#under#900,globe#contour#equal#under#900#2#0.75#0.25,2,Fd,1,1,1,1,1,1,1,1,1,1
globe#contour#equal#under#900,globe#contour#equal#under#900#2#0.75#0.5,2,Cv,0.269,0.404,0.555,0.738,1.03,1.52,2.18,3.1,4.23,5.39
globe#contour#equal#under#900,globe#contour#equal#under#900#2#0.75#0.5,2,FL,0.97,0.97,0.97,0.97,0.97,0.97,0.97,0.97,0.97,0.97
globe#contour#equal#under#900,globe#contour#equal#under#900#2#0.75#0.5,2,Xt,0.789,0.708,0.702,0.65,0.626,0.572,0.583,0.606,0.646,0.713
globe#contour#equal#under#900,globe#contour#equal#under#900#2#0.75#0.5,2,Fd,1,1,1,1,1,1,1,1,1,1
globe#contour#equal#under#900,globe#contour#equal#under#900#2#0.75#0.75,2,Cv,0.45,0.713,1.07,1.52,2.12,3.05,4.57,6.87,9.66,11.9
globe#contour#equal#under#900,globe#contour#equal#under#900#2#0.75#0.75,2,FL,0.93,0.93,0.93,0.93,0.93,0.93,0.93,0.93,0.93,0.93
globe#contour#equal#under#900,globe#contour#equal#under#900#2#0.75#0.75,2,Xt,0.74,0.64,0.578,0.589,0.636,0.648,0.612,0.589,0.636,0.718
globe#contour#equal#under#900,globe#contour#equal#under#900#2#0.75#0.75,2,Fd,1,1,1,1,1,1,1,1,1,1
globe#contour#equal#under#1500,globe#contour#equal#under#1500#1#0.75#0.25,1,Cv,0.072,0.102,0.138,0.209,0.309,0.438,0.63,0.894,1.22,1.61
globe#contour#equal#under#1500,globe#contour#equal#under#1500#1#0.75#0.25,1,FL,0.96,0.96,0.96,0.96,0.96,0.96,0.96,0.96,0.96,0.96
globe#contour#equal#under#1500,globe#contour#equal#under#1500#1#0.75#0.25,1,Xt,0.972,0.971,0.986,0.792,0.668,0.611,0.611,0.609,0.606,0.61
globe#contour#equal#under#1500,globe#contour#equal#under#1500#1#0.75#0.25,1,Fd,1,1,1,1,1,1,1,1,1,1
globe#contour#equal#under#1500,globe#contour#equal#under#1500#1#0.75#0.5,1,Cv,0.269,0.404,0.555,0.738,1.03,1.52,2.18,3.1,4.23,5.39
globe#contour#equal#under#1500,globe#contour#equal#under#1500#1#0.75#0.5,1,FL,0.97,0.97,0.97,0.97,0.97,0.97,0.97,0.97,0.97,0.97
globe#contour#equal#under#1500,globe#contour#equal#under#1500#1#0.75#0.5,1,Xt,0.789,0.708,0.702,0.65,0.626,0.572,0.583,0.606,0.646,0.713
globe#contour#equal#under#1500,globe#contour#equal#under#1500#1#0.75#0.5,1,Fd,1,1,1,1,1,1,1,1,1,1
globe#contour#equal#under#1500,globe#contour#equal#under#1500#1#0.75#0.75,1,Cv,0.384,0.577,0.941,1.39,2.02,2.93,4.4,6.58,8.45,9.61
globe#contour#equal#under#1500,globe#contour#equal#under#1500#1#0.75#0.75,1,FL,0.95,0.95,0.95,0.95,0.95,0.95,0.95,0.95,0.95,0.95
globe#contour#equal#under#1500,globe#contour#equal#under#1500#1#0.75#0.75,1,Xt,0.532,0.774,0.714,0.587,0.579,0.584,0.588,0.607,0.672,0.773
globe#contour#equal#under#1500,globe#contour#equal#under#1500#1#0.75#0.75,1,Fd,1,1,1,1,1,1,1,1,1,1
globe#contour#equal#under#1500,globe#contour#equal#under#1500#2#0.75#0.25,2,Cv,0.072,0.102,0.138,0.209,0.309,0.438,0.63,0.894,1.22,1.61
globe#contour#equal#under#1500,globe#contour#equal#under#1500#2#0.75#0.25,2,FL,0.96,0.96,0.96,0.96,0.96,0.96,0.96,0.96,0.96,0.96
globe#contour#equal#under#1500,globe#contour#equal#under#1500#2#0.75#0.25,2,Xt,0.972,0.971,0.986,0.792,0.668,0.611,0.611,0.609,0.606,0.61
globe#contour#equal#under#1500,globe#contour#equal#under#1500#2#0.75#0.25,2,Fd,1,1,1,1,1,1,1,1,1,1
globe#contour#equal#under#1500,globe#contour#equal#under#1500#2#0.75#0.5,2,Cv,0.269,0.404,0.555,0.738,1.03,1.52,2.18,3.1,4.23,5.39
globe#contour#equal#under#1500,globe#contour#equal#under#1500#2#0.75#0.5,2,FL,0.97,0.97,0.97,0.97,0.97,0.97,0.97,0.97,0.97,0.97
globe#contour#equal#under#1500,globe#contour#equal#under#1500#2#0.75#0.5,2,Xt,0.789,0.708,0.702,0.65,0.626,0.572,0.583,0.606,0.646,0.713
globe#contour#equal#under#1500,globe#contour#equal#under#1500#2#0.75#0.5,2,Fd,1,1,1,1,1,1,1,1,1,1
globe#contour#equal#under#1500,globe#contour#equal#under#1500#2#0.75#0.75,2,Cv,0.45,0.713,1.07,1.52,2.12,3.05,4.57,6.87,9.66,11.9
globe#contour#equal#under#1500,globe#contour#equal#under#1500#2#0.75#0.75,2,FL,0.93,0.93,0.93,0.93,0.93,0.93,0.93,0.93,0.93,0.93
globe#contour#equal#under#1500,globe#contour#equal#under#1500#2#0.75#0.75,2,Xt,0.74,0.64,0.578,0.589,0.636,0.648,0.612,0.589,0.636,0.718
globe#contour#equal#under#1500,globe#contour#equal#under#1500#2#0.75#0.75,2,Fd,1,1,1,1,1,1,1,1,1,1
globe#contour#equal#under#2500,globe#contour#equal#under#2500#1#0.75#0.25,1,Cv,0.072,0.102,0.138,0.209,0.309,0.438,0.63,0.894,1.22,1.61
globe#contour#equal#under#2500,globe#contour#equal#under#2500#1#0.75#0.25,1,FL,0.96,0.96,0.96,0.96,0.96,0.96,0.96,0.96,0.96,0.96
globe#contour#equal#under#2500,globe#contour#equal#under#2500#1#0.75#0.25,1,Xt,0.972,0.971,0.986,0.792,0.668,0.611,0.611,0.609,0.606,0.61
globe#contour#equal#under#2500,globe#contour#equal#under#2500#1#0.75#0.25,1,Fd,1,1,1,1,1,1,1,1,1,1
globe#contour#equal#under#2500,globe#contour#equal#under#2500#1#0.75#0.5,1,Cv,0.269,0.404,0.555,0.738,1.03,1.52,2.18,3.1,4.23,5.39
globe#contour#equal#under#2500,globe#contour#equal#under#2500#1#0.75#0.5,1,FL,0.97,0.97,0.97,0.97,0.97,0.97,0.97,0.97,0.97,0.97
globe#contour#equal#under#2500,globe#contour#equal#under#2500#1#0.75#0.5,1,Xt,0.789,0.708,0.702,0.65,0.626,0.572,0.583,0.606,0.646,0.713
globe#contour#equal#under#2500,globe#contour#equal#under#2500#1#0.75#0.5,1,Fd,1,1,1,1,1,1,1,1,1,1
globe#contour#equal#under#2500,globe#contour#equal#under#2500#1#0.75#0.75,1,Cv,0.384,0.577,0.941,1.39,2.02,2.93,4.4,6.58,8.45,9.61
globe#contour#equal#under#2500,globe#contour#equal#under#2500#1#0.75#0.75,1,FL,0.95,0.95,0.95,0.95,0.95,0.95,0.95,0.95,0.95,0.95
globe#contour#equal#under#2500,globe#contour#equal#under#2500#1#0.75#0.75,1,Xt,0.532,0.774,0.714,0.587,0.579,0.584,0.588,0.607,0.672,0.773
globe#contour#equal#under#2500,globe#contour#equal#under#2500#1#0.75#0.75,1,Fd,1,1,1,1,1,1,1,1,1,1
globe#contour#equal#under#2500,globe#contour#equal#under#2500#2#0.75#0.25,2,Cv,0.072,0.102,0.138,0.209,0.309,0.438,0.63,0.894,1.22,1.61
globe#contour#equal#under#2500,globe#contour#equal#under#2500#2#0.75#0.25,2,FL,0.96,0.96,0.96,0.96,0.96,0.96,0.96,0.96,0.96,0.96
globe#contour#equal#under#2500,globe#contour#equal#under#2500#2#0.75#0.25,2,Xt,0.972,0.971,0.986,0.792,0.668,0.611,0.611,0.609,0.606,0.61
globe#contour#equal#under#2500,globe#contour#equal#under#2500#2#0.75#0.25,2,Fd,1,1,1,1,1,1,1,1,1,1
globe#contour#equal#under#2500,globe#contour#equal#under#2500#2#0.75#0.5,2,Cv,0.269,0.404,0.555,0.738,1.03,1.52,2.18,3.1,4.23,5.39
globe#contour#equal#under#2500,globe#contour#equal#under#2500#2#0.75#0.5,2,FL,0.97,0.97,0.97,0.97,0.97,0.97,0.97,0.97,0.97,0.97
globe#contour#equal#under#2500,globe#contour#equal#under#2500#2#0.75#0.5,2,Xt,0.789,0.708,0.702,0.65,0.626,0.572,0.583,0.606,0.646,0.713
globe#contour#equal#under#2500,globe#contour#equal#under#2500#2#0.75#0.5,2,Fd,1,1,1,1,1,1,1,1,1,1
globe#contour#equal#under#2500,globe#contour#equal#under#2500#2#0.75#0.75,2,Cv,0.45,0.713,1.07,1.52,2.12,3.05,4.57,6.87,9.66,11.9
globe#contour#equal#under#2500,globe#contour#equal#under#2500#2#0.75#0.75,2,FL,0.93,0.93,0.93,0.93,0.93,0.93,0.93,0.93,0.93,0.93
globe#contour#equal#under#2500,globe#contour#equal#under#2500#2#0.75#0.75,2,Xt,0.74,0.64,0.578,0.589,0.636,0.648,0.612,0.589,0.636,0.718
globe#contour#equal#under#2500,globe#contour#equal#under#2500#2#0.75#0.75,2,Fd,1,1,1,1,1,1,1,1,1,1
globe#contour#mod_equal#under#900,globe#contour#mod_equal#under#900#1#1.125#0.75,1,Cv,0.48,0.94,1.71,2.93,5.49,8.45,10.5,11.5,12,12.5
globe#contour#mod_equal#under#900,globe#contour#mod_equal#under#900#1#1.125#0.75,1,FL,0.95,0.95,0.95,0.95,0.95,0.95,0.95,0.95,0.95,0.95
globe#contour#mod_equal#under#900,globe#contour#mod_equal#under#900#1#1.125#0.75,1,Xt,0.532,0.774,0.714,0.587,0.579,0.584,0.588,0.607,0.672,0.773
globe#contour#mod_equal#under#900,globe#contour#mod_equal#under#900#1#1.125#0.75,1,Fd,1,1,1,1,1,1,1,1,1,1
globe#contour#mod_equal#under#900,globe#contour#mod_equal#under#900#1#1.125#1,1,Cv,0.85,1.73,3.22,5.71,8.81,11.6,13.7,15.5,16.5,17.1
globe#contour#mod_equal#under#900,globe#contour#mod_equal#under#900#1#1.125#1,1,FL,0.85,0.85,0.85,0.85,0.85,0.85,0.85,0.85,0.85,0.85
globe#contour#mod_equal#under#900,globe#contour#mod_equal#under#900#1#1.125#1,1,Xt,0.741,0.66,0.561,0.535,0.6,0.685,0.699,0.632,0.626,0.594
globe#contour#mod_equal#under#900,globe#contour#mod_equal#under#900#1#1.125#1,1,Fd,1,1,1,1,1,1,1,1,1,1
globe#contour#mod_equal#under#900,globe#contour#mod_equal#under#900#2#1.125#1,2,Cv,0.884,1.67,2.86,4.96,9.08,15.6,20.9,23,23.9,24.2
globe#contour#mod_equal#under#900,globe#contour#mod_equal#under#900#2#1.125#1,2,FL,0.92,0.92,0.92,0.92,0.92,0.92,0.92,0.92,0.92,0.92
globe#contour#mod_equal#under#900,globe#contour#mod_equal#under#900#2#1.125#1,2,Xt,0.696,0.7,0.698,0.7,0.696,0.7,0.697,0.745,0.714,0.7
globe#contour#mod_equal#under#900,globe#contour#mod_equal#under#900#2#1.125#1,2,Fd,1,1,1,1,1,1,1,1,1,1
globe#contour#mod_equal#under#900,globe#contour#mod_equal#under#900#2#1.125#1.25,2,Cv,1.19,1.9,3.6,8.17,16.9,23.9,29,31,32,33
globe#contour#mod_equal#under#900,globe#contour#mod_equal#under#900#2#1.125#1.25,2,FL,0.91,0.91,0.91,0.91,0.91,0.91,0.91,0.91,0.91,0.91
globe#contour#mod_equal#under#900,globe#contour#mod_equal#under#900#2#1.125#1.25,2,Xt,0.584,0.603,0.552,0.668,0.731,0.654,0.657,0.67,0.667,0.632
globe#contour#mod_equal#under#900,globe#contour#mod_equal#under#900#2#1.125#1.25,2,Fd,1,1,1,1,1,1,1,1,1,1
globe#contour#mod_equal#under#900,globe#contour#mod_equal#under#900#2#1.5#1.5,2,Cv,1.98,3.83,7.96,16,27.2,37.4,43.3,46.9,51.5,52.2
globe#contour#mod_equal#under#900,globe#contour#mod_equal#under#900#2#1.5#1.5,2,FL,0.97,0.97,0.97,0.97,0.97,0.97,0.97,0.97,0.97,0.97
globe#contour#mod_equal#under#900,globe#contour#mod_equal#under#900#2#1.5#1.5,2,Xt,0.584,0.603,0.554,0.668,0.731,0.654,0.682,0.691,0.634,0.632
globe#contour#mod_equal#under#900,globe#contour#mod_equal#under#900#2#1.5#1.5,2,Fd,1,1,1,1,1,1,1,1,1,1
globe#contour#mod_equal#under#1500,globe#contour#mod_equal#under#1500#1#1.125#0.75,1,Cv,0.48,0.94,1.71,2.93,5.49,8.45,10.5,11.5,12,12.5
globe#contour#mod_equal#under#1500,globe#contour#mod_equal#under#1500#1#1.125#0.75,1,FL,0.95,0.95,0.95,0.95,0.95,0.95,0.95,0.95,0.95,0.95
globe#contour#mod_equal#under#1500,globe#contour#mod_equal#under#1500#1#1.125#0.75,1,Xt,0.532,0.774,0.714,0.587,0.579,0.584,0.588,0.607,0.672,0.773
globe#contour#mod_equal#under#1500,globe#contour#mod_equal#under#1500#1#1.125#0.75,1,Fd,1,1,1,1,1,1,1,1,1,1
globe#contour#mod_equal#under#1500,globe#contour#mod_equal#under#1500#1#1.125#1,1,Cv,0.85,1.73,3.22,5.71,8.81,11.6,13.7,15.5,16.5,17.1
globe#contour#mod_equal#under#1500,globe#contour#mod_equal#under#1500#1#1.125#1,1,FL,0.85,0.85,0.85,0.85,0.85,0.85,0.85,0.85,0.85,0.85
globe#contour#mod_equal#under#1500,globe#contour#mod_equal#under#1500#1#1.125#1,1,Xt,0.741,0.66,0.561,0.535,0.6,0.685,0.699,0.632,0.626,0.594
globe#contour#mod_equal#under#1500,globe#contour#mod_equal#under#1500#1#1.125#1,1,Fd,1,1,1,1,1,1,1,1,1,1
globe#contour#mod_equal#under#1500,globe#contour#mod_equal#under#1500#2#1.125#1,2,Cv,0.884,1.67,2.86,4.96,9.08,15.6,20.9,23,23.9,24.2
globe#contour#mod_equal#under#1500,globe#contour#mod_equal#under#1500#2#1.125#1,2,FL,0.92,0.92,0.92,0.92,0.92,0.92,0.92,0.92,0.92,0.92
globe#contour#mod_equal#under#1500,globe#contour#mod_equal#under#1500#2#1.125#1,2,Xt,0.696,0.7,0.698,0.7,0.696,0.7,0.697,0.745,0.714,0.7
globe#contour#mod_equal#under#1500,globe#contour#mod_equal#under#1500#2#1.125#1,2,Fd,1,1,1,1,1,1,1,1,1,1
globe#contour#mod_equal#under#1500,globe#contour#mod_equal#under#1500#2#1.125#1.25,2,Cv,1.19,1.9,3.6,8.17,16.9,23.9,29,31,32,33
globe#contour#mod_equal#under#1500,globe#contour#mod_equal#under#1500#2#1.125#1.25,2,FL,0.91,0.91,0.91,0.91,0.91,0.91,0.91,0.91,0.91,0.91
globe#contour#mod_equal#under#1500,globe#contour#mod_equal#under#1500#2#1.125#1.25,2,Xt,0.584,0.603,0.552,0.668,0.731,0.654,0.657,0.67,0.667,0.632
globe#contour#mod_equal#under#1500,globe#contour#mod_equal#under#1500#2#1.125#1.25,2,Fd,1,1,1,1,1,1,1,1,1,1
globe#contour#mod_equal#under#1500,globe#contour#mod_equal#under#1500#2#1.5#1.5,2,Cv,1.98,3.83,7.96,16,27.2,37.4,43.3,46.9,51.5,52.2
globe#contour#mod_equal#under#1500,globe#contour#mod_equal#under#1500#2#1.5#1.5,2,FL,0.97,0.97,0.97,0.97,0.97,0.97,0.97,0.97,0.97,0.97
globe#contour#mod_equal#under#1500,globe#contour#mod_equal#under#1500#2#1.5#1.5,2,Xt,0.584,0.603,0.554,0.668,0.731,0.654,0.682,0.691,0.634,0.632
globe#contour#mod_equal#under#1500,globe#contour#mod_equal#under#1500#2#1.5#1.5,2,Fd,1,1,1,1,1,1,1,1,1,1
globe#contour#mod_equal#under#2500,globe#contour#mod_equal#under#2500#1#0.75#1.125,1,Cv,0.48,0.94,1.71,2.93,5.49,8.45,10.5,11.5,12,12.5
globe#contour#mod_equal#under#2500,globe#contour#mod_equal#under#2500#1#0.75#1.125,1,FL,0.95,0.95,0.95,0.95,0.95,0.95,0.95,0.95,0.95,0.95
globe#contour#mod_equal#under#2500,globe#contour#mod_equal#under#2500#1#0.75#1.125,1,Xt,0.741,0.66,0.561,0.535,0.599,0.685,0.655,0.632,0.626,0.594
globe#contour#mod_equal#under#2500,globe#contour#mod_equal#under#2500#1#0.75#1.125,1,Fd,1,1,1,1,1,1,1,1,1,1
globe#contour#mod_equal#under#2500,globe#contour#mod_equal#under#2500#1#0.75#1.125,1,Cv,0.5,1.54,3.61,5.83,7.44,8.86,10.6,12.4,13.1,13.8
globe#contour#mod_equal#under#2500,globe#contour#mod_equal#under#2500#1#0.75#1.125,1,FL,0.88,0.88,0.88,0.88,0.88,0.88,0.88,0.88,0.88,0.88
globe#contour#mod_equal#under#2500,globe#contour#mod_equal#under#2500#1#0.75#1.125,1,Xt,0.489,0.848,0.556,0.544,0.709,0.82,0.714,0.588,0.644,0.58
globe#contour#mod_equal#under#2500,globe#contour#mod_equal#under#2500#1#0.75#1.125,1,Fd,1,1,1,1,1,1,1,1,1,1
globe#contour#mod_equal#under#2500,globe#contour#mod_equal#under#2500#2#1.125#1,2,Cv,0.884,1.67,2.86,4.96,9.08,15.6,20.9,23,23.9,24.2
globe#contour#mod_equal#under#2500,globe#contour#mod_equal#under#2500#2#0.75#0.25,2,FL,0.92,0.92,0.92,0.92,0.92,0.92,0.92,0.92,0.92,0.92
globe#contour#mod_equal#under#2500,globe#contour#mod_equal#under#2500#2#0.75#0.25,2,Xt,0.696,0.7,0.698,0.7,0.696,0.7,0.697,0.745,0.714,0.7
globe#contour#mod_equal#under#2500,globe#contour#mod_equal#under#2500#2#0.75#0.25,2,Fd,1,1,1,1,1,1,1,1,1,1
globe#contour#mod_equal#under#2500,globe#contour#mod_equal#under#2500#2#1.125#1.25,2,Cv,1.19,1.9,3.6,8.17,16.9,23.9,29,31,32,33
globe#contour#mod_equal#under#2500,globe#contour#mod_equal#under#2500#2#0.75#0.5,2,FL,0.91,0.91,0.91,0.91,0.91,0.91,0.91,0.91,0.91,0.91
globe#contour#mod_equal#under#2500,globe#contour#mod_equal#under#2500#2#0.75#0.5,2,Xt,0.584,0.603,0.552,0.668,0.731,0.654,0.657,0.67,0.667,0.632
globe#contour#mod_equal#under#2500,globe#contour#mod_equal#under#2500#2#0.75#0.5,2,Fd,1,1,1,1,1,1,1,1,1,1
globe#contour#mod_equal#under#2500,globe#contour#mod_equal#under#2500#2#1.5#1.5,2,Cv,1.87,3.75,8.23,16.5,26.2,33.4,38,41.7,43.4,44.2
globe#contour#mod_equal#under#2500,globe#contour#mod_equal#under#2500#2#0.75#0.75,2,FL,0.96,0.96,0.96,0.96,0.96,0.96,0.96,0.96,0.96,0.96
globe#contour#mod_equal#under#2500,globe#contour#mod_equal#under#2500#2#0.75#0.75,2,Xt,0.609,0.515,0.52,0.626,0.751,0.79,0.718,0.653,0.668,0.644
globe#contour#mod_equal#under#2500,globe#contour#mod_equal#under#2500#2#0.75#0.75,2,Fd,1,1,1,1,1,1,1,1,1,1
globe#ported#mod_equal#under#900,globe#ported#mod_equal#under#900#2#1.5#1.875,2,Cv,0.1,2.19,6.69,14.5,24.1,33.7,42.4,48.9,51.9,54.4
globe#ported#mod_equal#under#900,globe#ported#mod_equal#under#900#2#1.5#1.875,2,FL,0.95,0.95,0.95,0.95,0.95,0.95,0.95,0.95,0.95,0.95
globe#ported#mod_equal#under#900,globe#ported#mod_equal#under#900#2#1.5#1.875,2,Xt,0.1,0.594,0.741,0.648,0.592,0.602,0.641,0.66,0.663,0.67
globe#ported#mod_equal#under#900,globe#ported#mod_equal#under#900#2#1.5#1.875,2,Fd,0.99,0.49,0.4,0.3,0.26,0.22,0.2,0.18,0.16,0.16
globe#ported#mod_equal#under#900,globe#ported#mod_equal#under#900#3#2#2.875,3,Cv,0.1,2.78,10.6,26.3,47.9,71.5,93.6,109,116,124
globe#ported#mod_equal#under#900,globe#ported#mod_equal#under#900#3#2#2.875,3,FL,0.95,0.95,0.95,0.95,0.95,0.95,0.95,0.95,0.95,0.95
globe#ported#mod_equal#under#900,globe#ported#mod_equal#under#900#3#2#2.875,3,Xt,0.1,0.902,0.69,0.625,0.637,0.666,0.689,0.725,0.783,0.757
globe#ported#mod_equal#under#900,globe#ported#mod_equal#under#900#3#2#2.875,3,Fd,0.78,0.49,0.31,0.22,0.18,0.15,0.14,0.12,0.11,0.11
globe#ported#mod_equal#under#1500,globe#ported#mod_equal#under#1500#2#1.5#1.875,2,FL,0.95,0.95,0.95,0.95,0.95,0.95,0.95,0.95,0.95,0.95
globe#ported#mod_equal#under#1500,globe#ported#mod_equal#under#1500#2#1.5#1.875,2,Xt,0.1,0.594,0.741,0.648,0.592,0.602,0.641,0.66,0.663,0.67
globe#ported#mod_equal#under#1500,globe#ported#mod_equal#under#1500#2#1.5#1.875,2,Fd,0.99,0.49,0.4,0.3,0.26,0.22,0.2,0.18,0.16,0.16
globe#ported#mod_equal#under#1500,globe#ported#mod_equal#under#1500#3#2#2.875,3,Cv,0.1,2.78,10.6,26.3,47.9,71.5,93.6,109,116,124
globe#ported#mod_equal#under#1500,globe#ported#mod_equal#under#1500#3#2#2.875,3,FL,0.95,0.95,0.95,0.95,0.95,0.95,0.95,0.95,0.95,0.95
globe#ported#mod_equal#under#1500,globe#ported#mod_equal#under#1500#3#2#2.875,3,Xt,0.1,0.902,0.69,0.625,0.637,0.666,0.689,0.725,0.783,0.757
globe#ported#mod_equal#under#1500,globe#ported#mod_equal#under#1500#3#2#2.875,3,Fd,0.78,0.49,0.31,0.22,0.18,0.15,0.14,0.12,0.11,0.11
globe#ported#mod_equal#under#2500,globe#ported#mod_equal#under#2500#2#1.125#1.875,2,Cv,0.654,1.21,3.18,7.07,12.4,18.4,25.1,31.5,35.6,40
globe#ported#mod_equal#under#2500,globe#ported#mod_equal#under#2500#2#1.125#1.875,2,FL,0.96,0.96,0.96,0.96,0.96,0.96,0.96,0.96,0.96,0.96
globe#ported#mod_equal#under#2500,globe#ported#mod_equal#under#2500#2#1.125#1.875,2,Xt,0.998,0.595,0.43,0.374,0.37,0.413,0.471,0.526,0.571,0.689
globe#ported#mod_equal#under#2500,globe#ported#mod_equal#under#2500#2#1.125#1.875,2,Fd,1,1,1,1,1,1,1,1,1,1
globe#ported#mod_equal#under#2500,globe#ported#mod_equal#under#2500#3#1.5#2.875,3,Cv,1.8,4.9,10.4,19.1,32.5,47.9,65.3,75.3,84,87
globe#ported#mod_equal#under#2500,globe#ported#mod_equal#under#2500#3#1.5#2.875,3,FL,0.94,0.94,0.94,0.94,0.94,0.94,0.94,0.94,0.94,0.94
globe#ported#mod_equal#under#2500,globe#ported#mod_equal#under#2500#3#1.5#2.875,3,Xt,0.519,0.646,0.619,0.672,0.702,0.741,0.75,0.757,0.753,0.752
globe#ported#mod_equal#under#2500,globe#ported#mod_equal#under#2500#3#1.5#2.875,3,Fd,0.584,0.738,0.591,0.478,0.354,0.293,0.243,0.219,0.197,0.186
globe#ported#equal#under#900,globe#ported#equal#under#900#2#1.125#1.875,2,Cv,0.1,1.09,3.04,6.77,12.2,18.9,26.7,34.5,40.5,45.8
globe#ported#equal#under#900,globe#ported#equal#under#900#2#1.125#1.875,2,FL,0.92,0.92,0.92,0.92,0.92,0.92,0.92,0.92,0.92,0.92
globe#ported#equal#under#900,globe#ported#equal#under#900#2#1.125#1.875,2,Xt,0.1,0.357,0.67,0.717,0.67,0.629,0.598,0.597,0.632,0.652
globe#ported#equal#under#900,globe#ported#equal#under#900#2#1.125#1.875,2,Fd,1,0.76,0.5,0.4,0.31,0.28,0.24,0.22,0.2,0.1
globe#ported#equal#under#900,globe#ported#equal#under#900#3#1.5#2.875,3,Cv,0.1,1.23,4.08,10.7,21.7,36.5,53.7,72.2,90.2,101
globe#ported#equal#under#900,globe#ported#equal#under#900#3#1.5#2.875,3,FL,1,0.54,0.44,0.31,0.23,0.19,0.17,0.15,0.14,0.13
globe#ported#equal#under#900,globe#ported#equal#under#900#3#1.5#2.875,3,Xt,0.1,0.967,0.821,0.685,0.634,0.628,0.641,0.659,0.672,0.73
globe#ported#equal#under#900,globe#ported#equal#under#900#3#1.5#2.875,3,Fd,1,0.54,0.44,0.31,0.23,0.19,0.17,0.15,0.14,0.13
globe#ported#equal#under#1500,globe#ported#equal#under#1500#2#1.125#1.875,2,Cv,0.1,1.09,3.04,6.77,12.2,18.9,26.7,34.5,40.5,45.8
globe#ported#equal#under#1500,globe#ported#equal#under#1500#2#1.125#1.875,2,FL,0.92,0.92,0.92,0.92,0.92,0.92,0.92,0.92,0.92,0.92
globe#ported#equal#under#1500,globe#ported#equal#under#1500#2#1.125#1.875,2,Xt,0.1,0.357,0.67,0.717,0.67,0.629,0.598,0.597,0.632,0.652
globe#ported#equal#under#1500,globe#ported#equal#under#1500#2#1.125#1.875,2,Fd,1,0.76,0.5,0.4,0.31,0.28,0.24,0.22,0.2,0.1
globe#ported#equal#under#1500,globe#ported#equal#under#1500#3#1.5#2.875,3,Cv,0.1,1.23,4.08,10.7,21.7,36.5,53.7,72.2,90.2,101
globe#ported#equal#under#1500,globe#ported#equal#under#1500#3#1.5#2.875,3,FL,1,0.54,0.44,0.31,0.23,0.19,0.17,0.15,0.14,0.13
globe#ported#equal#under#1500,globe#ported#equal#under#1500#3#1.5#2.875,3,Xt,0.1,0.967,0.821,0.685,0.634,0.628,0.641,0.659,0.672,0.73
globe#ported#equal#under#1500,globe#ported#equal#under#1500#3#1.5#2.875,3,Fd,1,0.54,0.44,0.31,0.23,0.19,0.17,0.15,0.14,0.13
globe#ported#equal#under#2500,globe#ported#equal#under#2500#2#1#1.875,2,Cv,0.653,0.977,2.35,5.14,9.18,14.2,20.1,26.2,30.7,35.7
globe#ported#equal#under#2500,globe#ported#equal#under#2500#2#1#1.875,2,FL,0.96,0.96,0.96,0.96,0.96,0.96,0.96,0.96,0.96,0.96
globe#ported#equal#under#2500,globe#ported#equal#under#2500#2#1#1.875,2,Xt,0.977,0.912,0.785,0.708,0.68,0.69,0.773,0.763,0.768,0.751
globe#ported#equal#under#2500,globe#ported#equal#under#2500#2#1#1.875,2,Fd,1,1,1,1,1,1,1,1,1,1
globe#ported#linear#under#900,globe#ported#linear#under#900#2#1.5#1.875,2,Cv,0.1,3.56,11.7,23,33.9,42.3,47.5,50.7,53.4,54.6
globe#ported#linear#under#900,globe#ported#linear#under#900#2#1.5#1.875,2,FL,0.98,0.98,0.98,0.98,0.98,0.98,0.98,0.98,0.98,0.98
globe#ported#linear#under#900,globe#ported#linear#under#900#2#1.5#1.875,2,Xt,0.1,0.767,0.681,0.658,0.666,0.693,0.718,0.728,0.719,0.711
globe#ported#linear#under#900,globe#ported#linear#under#900#2#1.5#1.875,2,Fd,0.89,0.62,0.44,0.3,0.24,0.22,0.19,0.17,0.16,0.15
globe#ported#linear#under#900,globe#ported#linear#under#900#3#2#2.785,3,Cv,0.1,9.01,30.6,55.6,78.9,97.7,111,120,125,127
globe#ported#linear#under#900,globe#ported#linear#under#900#3#2#2.785,3,FL,0.96,0.96,0.96,0.96,0.96,0.96,0.96,0.96,0.96,0.96
globe#ported#linear#under#900,globe#ported#linear#under#900#3#2#2.785,3,Xt,0.1,0.66,0.636,0.663,0.687,0.713,0.734,0.742,0.742,0.739
globe#ported#linear#under#900,globe#ported#linear#under#900#3#2#2.785,3,Fd,0.48,0.28,0.21,0.17,0.15,0.13,0.12,0.11,0.11,0.1
globe#ported#linear#under#1500,globe#ported#linear#under#1500#2#1.5#1.875,2,Cv,0.1,3.56,11.7,23,33.9,42.3,47.5,50.7,53.4,54.6
globe#ported#linear#under#1500,globe#ported#linear#under#1500#2#1.5#1.875,2,FL,0.98,0.98,0.98,0.98,0.98,0.98,0.98,0.98,0.98,0.98
globe#ported#linear#under#1500,globe#ported#linear#under#1500#2#1.5#1.875,2,Xt,0.1,0.767,0.681,0.658,0.666,0.693,0.718,0.728,0.719,0.711
globe#ported#linear#under#1500,globe#ported#linear#under#1500#2#1.5#1.875,2,Fd,0.89,0.62,0.44,0.3,0.24,0.22,0.19,0.17,0.16,0.15
globe#ported#linear#under#1500,globe#ported#linear#under#1500#3#2#2.785,3,Cv,0.1,9.01,30.6,55.6,78.9,97.7,111,120,125,127
globe#ported#linear#under#1500,globe#ported#linear#under#1500#3#2#2.785,3,FL,0.96,0.96,0.96,0.96,0.96,0.96,0.96,0.96,0.96,0.96
globe#ported#linear#under#1500,globe#ported#linear#under#1500#3#2#2.785,3,Xt,0.1,0.66,0.636,0.663,0.687,0.713,0.734,0.742,0.742,0.739
globe#ported#linear#under#1500,globe#ported#linear#under#1500#3#2#2.785,3,Fd,0.48,0.28,0.21,0.17,0.15,0.13,0.12,0.11,0.11,0.1
globe#ported#linear#under#2500,globe#ported#linear#under#2500#2#1#1.875,2,Cv,0.645,0.996,3.51,8.74,15.9,23.5,30,34.3,37,40.9
globe#ported#linear#under#2500,globe#ported#linear#under#2500#2#1#1.875,2,FL,0.96,0.96,0.96,0.96,0.96,0.96,0.96,0.96,0.96,0.96
globe#ported#linear#under#2500,globe#ported#linear#under#2500#2#1#1.875,2,Xt,0.905,0.813,0.715,0.701,0.703,0.704,0.701,0.699,0.699,0.71
globe#ported#linear#under#2500,globe#ported#linear#under#2500#2#1#1.875,2,Fd,1,1,1,1,1,1,1,1,1,1
globe#ported#linear#under#2500,globe#ported#linear#under#2500#3#1.5#2.25,3,Cv,2.8,15.6,33.5,50.7,64.6,74.3,82.9,86.8,88.7,88.8
globe#ported#linear#under#2500,globe#ported#linear#under#2500#3#1.5#2.25,3,FL,0.94,0.94,0.94,0.94,0.94,0.94,0.94,0.94,0.94,0.94
globe#ported#linear#under#2500,globe#ported#linear#under#2500#3#1.5#2.25,3,Xt,0.519,0.646,0.619,0.672,0.702,0.741,0.75,0.757,0.753,0.752
globe#ported#linear#under#2500,globe#ported#linear#under#2500#3#1.5#2.25,3,Fd,0.292,0.369,0.322,0.287,0.246,0.224,0.201,0.186,0.174,0.167
globe#ported#mod_equal#under#900,globe#ported#mod_equal#under#900#2#1.125#1.875,2,Cv,0.1,1.02,3.26,7.53,13.3,19.8,26.4,32,36.2,41
globe#ported#mod_equal#under#900,globe#ported#mod_equal#under#900#2#1.125#1.875,2,FL,0.93,0.93,0.93,0.93,0.93,0.93,0.93,0.93,0.93,0.93
globe#ported#mod_equal#under#900,globe#ported#mod_equal#under#900#2#1.125#1.875,2,Xt,0.1,0.745,0.619,0.595,0.587,0.593,0.633,0.721,0.791,0.791
globe#ported#mod_equal#under#900,globe#ported#mod_equal#under#900#2#1.125#1.875,2,Fd,1,0.76,0.5,0.4,0.31,0.28,0.24,0.22,0.2,0.19
globe#ported#mod_equal#over#900,globe#ported#mod_equal#over#900#3#2#2.875,3,Cv,0.475,3.07,11.8,26.8,46.6,69.3,89.5,100,103,114
globe#ported#mod_equal#over#900,globe#ported#mod_equal#over#900#3#2#2.875,3,FL,0.95,0.95,0.95,0.95,0.95,0.95,0.95,0.95,0.95,0.95
globe#ported#mod_equal#over#900,globe#ported#mod_equal#over#900#3#2#2.875,3,Xt,0.949,0.712,0.55,0.604,0.682,0.697,0.706,0.762,0.856,0.783
globe#ported#mod_equal#over#900,globe#ported#mod_equal#over#900#3#2#2.875,3,Fd,0.78,0.49,0.31,0.22,0.18,0.15,0.14,0.12,0.11,0.11
globe#ported#mod_equal#over#900,globe#ported#mod_equal#over#900#4#2#3.625,4,Cv,4.33,11.3,23.3,45,79.6,121,155,176,192,203
globe#ported#mod_equal#over#900,globe#ported#mod_equal#over#900#4#2#3.625,4,FL,0.89,0.89,0.89,0.89,0.89,0.89,0.89,0.89,0.89,0.89
globe#ported#mod_equal#over#900,globe#ported#mod_equal#over#900#4#2#3.625,4,Xt,0.624,0.523,0.482,0.45,0.453,0.502,0.599,0.696,0.723,0.735
globe#ported#mod_equal#over#900,globe#ported#mod_equal#over#900#4#2#3.625,4,Fd,0.29,0.34,0.24,0.18,0.13,0.11,0.094,0.084,0.077,0.073
globe#ported#mod_equal#over#900,globe#ported#mod_equal#over#900#4#2#3.6,4,Cv,3.7,10.8,21,40.5,72.2,116,151,177,198,212
globe#ported#mod_equal#over#900,globe#ported#mod_equal#over#900#4#2#3.6,4,FL,0.8,0.8,0.8,0.8,0.8,0.8,0.8,0.8,0.8,0.8
globe#ported#mod_equal#over#900,globe#ported#mod_equal#over#900#4#2#3.6,4,Xt,0.613,0.56,0.548,0.551,0.567,0.567,0.617,0.647,0.61,0.609
globe#ported#mod_equal#over#900,globe#ported#mod_equal#over#900#4#2#3.6,4,Fd,1,0.48,0.31,0.21,0.16,0.12,0.1,0.09,0.081,0.075
globe#ported#mod_equal#over#900,globe#ported#mod_equal#over#900#6#3#5.375,6,Cv,5.22,16.6,30.8,55,100,168,241,299,351,378
globe#ported#mod_equal#over#900,globe#ported#mod_equal#over#900#6#3#5.375,6,FL,0.89,0.89,0.89,0.89,0.89,0.89,0.89,0.89,0.89,0.89
globe#ported#mod_equal#over#900,globe#ported#mod_equal#over#900#6#3#5.375,6,Xt,0.883,0.725,0.571,0.597,0.592,0.514,0.526,0.623,0.667,0.725
globe#ported#mod_equal#over#900,globe#ported#mod_equal#over#900#6#3#5.375,6,Fd,0.43,0.28,0.22,0.16,0.12,0.095,0.079,0.068,0.06,0.057
globe#ported#mod_equal#over#900,globe#ported#mod_equal#over#900#6#3#5.4,6,Cv,10,22.3,34,61.3,111,172,250,319,373,412
globe#ported#mod_equal#over#900,globe#ported#mod_equal#over#900#6#3#5.4,6,FL,0.8,0.8,0.8,0.8,0.8,0.8,0.8,0.8,0.8,0.8
globe#ported#mod_equal#over#900,globe#ported#mod_equal#over#900#6#3#5.4,6,Xt,0.613,0.56,0.548,0.551,0.567,0.567,0.617,0.647,0.61,0.609
globe#ported#mod_equal#over#900,globe#ported#mod_equal#over#900#6#3#5.4,6,Fd,0.7,0.33,0.25,0.17,0.13,0.1,0.083,0.071,0.063,0.058
globe#ported#mod_equal#under#1500,globe#ported#mod_equal#under#1500#2#1.125#1.875,2,Cv,0.1,1.02,3.26,7.53,13.3,19.8,26.4,32,36.2,41
globe#ported#mod_equal#under#1500,globe#ported#mod_equal#under#1500#2#1.125#1.875,2,FL,0.93,0.93,0.93,0.93,0.93,0.93,0.93,0.93,0.93,0.93
globe#ported#mod_equal#under#1500,globe#ported#mod_equal#under#1500#2#1.125#1.875,2,Xt,0.1,0.745,0.619,0.595,0.587,0.593,0.633,0.721,0.791,0.791
globe#ported#mod_equal#under#1500,globe#ported#mod_equal#under#1500#2#1.125#1.875,2,Fd,1,0.76,0.5,0.4,0.31,0.28,0.24,0.22,0.2,0.19
globe#ported#mod_equal#over#1500,globe#ported#mod_equal#over#1500#3#2#2.875,3,Cv,0.475,3.07,11.8,26.8,46.6,69.3,89.5,100,103,114
globe#ported#mod_equal#over#1500,globe#ported#mod_equal#over#1500#3#2#2.875,3,FL,0.95,0.95,0.95,0.95,0.95,0.95,0.95,0.95,0.95,0.95
globe#ported#mod_equal#over#1500,globe#ported#mod_equal#over#1500#3#2#2.875,3,Xt,0.949,0.712,0.55,0.604,0.682,0.697,0.706,0.762,0.856,0.783
globe#ported#mod_equal#over#1500,globe#ported#mod_equal#over#1500#3#2#2.875,3,Fd,0.78,0.49,0.31,0.22,0.18,0.15,0.14,0.12,0.11,0.11
globe#ported#mod_equal#over#1500,globe#ported#mod_equal#over#1500#4#2#3.625,4,Cv,4.33,11.3,23.3,45,79.6,121,155,176,192,203
globe#ported#mod_equal#over#1500,globe#ported#mod_equal#over#1500#4#2#3.625,4,FL,0.89,0.89,0.89,0.89,0.89,0.89,0.89,0.89,0.89,0.89
globe#ported#mod_equal#over#1500,globe#ported#mod_equal#over#1500#4#2#3.625,4,Xt,0.624,0.523,0.482,0.45,0.453,0.502,0.599,0.696,0.723,0.735
globe#ported#mod_equal#over#1500,globe#ported#mod_equal#over#1500#4#2#3.625,4,Fd,0.29,0.34,0.24,0.18,0.13,0.11,0.094,0.084,0.077,0.073
globe#ported#mod_equal#over#1500,globe#ported#mod_equal#over#1500#4#2#3.6,4,Cv,3.7,10.8,21,40.5,72.2,116,151,177,198,212
globe#ported#mod_equal#over#1500,globe#ported#mod_equal#over#1500#4#2#3.6,4,FL,0.8,0.8,0.8,0.8,0.8,0.8,0.8,0.8,0.8,0.8
globe#ported#mod_equal#over#1500,globe#ported#mod_equal#over#1500#4#2#3.6,4,Xt,0.613,0.56,0.548,0.551,0.567,0.567,0.617,0.647,0.61,0.609
globe#ported#mod_equal#over#1500,globe#ported#mod_equal#over#1500#4#2#3.6,4,Fd,1,0.48,0.31,0.21,0.16,0.12,0.1,0.09,0.081,0.075
globe#ported#mod_equal#over#1500,globe#ported#mod_equal#over#1500#6#3#5.375,6,Cv,5.22,16.6,30.8,55,100,168,241,299,351,378
globe#ported#mod_equal#over#1500,globe#ported#mod_equal#over#1500#6#3#5.375,6,FL,0.89,0.89,0.89,0.89,0.89,0.89,0.89,0.89,0.89,0.89
globe#ported#mod_equal#over#1500,globe#ported#mod_equal#over#1500#6#3#5.375,6,Xt,0.883,0.725,0.571,0.597,0.592,0.514,0.526,0.623,0.667,0.725
globe#ported#mod_equal#over#1500,globe#ported#mod_equal#over#1500#6#3#5.375,6,Fd,0.43,0.28,0.22,0.16,0.12,0.095,0.079,0.068,0.06,0.057
globe#ported#mod_equal#over#1500,globe#ported#mod_equal#over#1500#6#3#5.4,6,Cv,10,22.3,34,61.3,111,172,250,319,373,412
globe#ported#mod_equal#over#1500,globe#ported#mod_equal#over#1500#6#3#5.4,6,FL,0.8,0.8,0.8,0.8,0.8,0.8,0.8,0.8,0.8,0.8
globe#ported#mod_equal#over#1500,globe#ported#mod_equal#over#1500#6#3#5.4,6,Xt,0.613,0.56,0.548,0.551,0.567,0.567,0.617,0.647,0.61,0.609
globe#ported#mod_equal#over#1500,globe#ported#mod_equal#over#1500#6#3#5.4,6,Fd,0.7,0.33,0.25,0.17,0.13,0.1,0.083,0.071,0.063,0.058
globe#ported#mod_equal#over#2500,globe#ported#mod_equal#over#2500#2#1.125#1.875,2,Cv,0.622,1.34,3.52,7.73,13.4,19.5,25.5,31,34.7,38
globe#ported#mod_equal#over#2500,globe#ported#mod_equal#over#2500#2#1.125#1.875,2,FL,0.81,0.81,0.81,0.81,0.81,0.81,0.81,0.81,0.81,0.81
globe#ported#mod_equal#over#2500,globe#ported#mod_equal#over#2500#2#1.125#1.875,2,Xt,0.667,0.664,0.64,0.57,0.586,0.635,0.669,0.712,0.757,0.707
globe#ported#mod_equal#over#2500,globe#ported#mod_equal#over#2500#2#1.125#1.875,2,Fd,1,1,1,1,1,1,1,1,1,1
globe#ported#mod_equal#over#2500,globe#ported#mod_equal#over#2500#3#1.5#2.25,3,Cv,2.9,8.3,17.2,26.3,39.7,51,63,72,80,84
globe#ported#mod_equal#over#2500,globe#ported#mod_equal#over#2500#3#1.5#2.25,3,FL,0.826,0.826,0.826,0.826,0.826,0.826,0.826,0.826,0.826,0.826
globe#ported#mod_equal#over#2500,globe#ported#mod_equal#over#2500#3#1.5#2.25,3,Xt,0.508,0.528,0.557,0.627,0.689,0.695,0.692,0.684,0.669,0.659
globe#ported#mod_equal#over#2500,globe#ported#mod_equal#over#2500#3#1.5#2.25,3,Fd,0.584,0.738,0.591,0.478,0.354,0.293,0.243,0.219,0.197,0.186
globe#ported#mod_equal#over#2500,globe#ported#mod_equal#over#2500#4#2#2.9,4,Cv,2.7,9.2,11.6,20,26.8,39,60,86,111,131
globe#ported#mod_equal#over#2500,globe#ported#mod_equal#over#2500#4#2#2.9,4,FL,0.837,0.837,0.837,0.837,0.837,0.837,0.837,0.837,0.837,0.837
globe#ported#mod_equal#over#2500,globe#ported#mod_equal#over#2500#4#2#2.9,4,Xt,0.638,0.585,0.541,0.538,0.563,0.611,0.661,0.671,0.67,0.663
globe#ported#mod_equal#over#2500,globe#ported#mod_equal#over#2500#4#2#2.9,4,Fd,0.842,0.505,0.438,0.313,0.264,0.212,0.166,0.135,0.115,0.101
globe#ported#mod_equal#over#2500,globe#ported#mod_equal#over#2500#6#3#4.166,6,Cv,7.6,20,31.2,62,114.5,176,231,273,300,314
globe#ported#mod_equal#over#2500,globe#ported#mod_equal#over#2500#6#3#4.166,6,FL,0.837,0.837,0.837,0.837,0.837,0.837,0.837,0.837,0.837,0.837
globe#ported#mod_equal#over#2500,globe#ported#mod_equal#over#2500#6#3#4.166,6,Xt,0.638,0.585,0.541,0.538,0.563,0.611,0.661,0.671,0.67,0.663
globe#ported#mod_equal#over#2500,globe#ported#mod_equal#over#2500#6#3#4.166,6,Fd,0.575,0.334,0.254,0.171,0.12,0.094,0.08,0.07,0.064,0.059
globe#ported#equal#over#900,globe#ported#equal#over#900#2#1.125#1.875,2,Cv,0.1,1.02,3.26,7.53,13.3,19.8,26.4,32,36.2,41
globe#ported#equal#over#900,globe#ported#equal#over#900#2#1.125#1.875,2,FL,0.1,0.1,0.1,0.1,0.1,0.1,0.1,0.1,0.1,0.93
globe#ported#equal#over#900,globe#ported#equal#over#900#2#1.125#1.875,2,Xt,0.1,0.745,0.619,0.595,0.587,0.593,0.633,0.721,0.791,0.791
globe#ported#equal#over#900,globe#ported#equal#over#900#2#1.125#1.875,2,Fd,0.1,0.76,0.5,0.4,0.31,0.28,0.24,0.22,0.2,0.19
globe#ported#equal#over#900,globe#ported#equal#over#900#3#1.5#2.875,3,Cv,0.1,1.21,4.21,11.3,23,37.6,53.2,69.5,85.3,92.7
globe#ported#equal#over#900,globe#ported#equal#over#900#3#1.5#2.875,3,FL,0.1,0.954,0.761,0.6,0.558,0.592,0.661,0.705,0.706,0.768
globe#ported#equal#over#900,globe#ported#equal#over#900#3#1.5#2.875,3,Xt,0.1,0.1,0.1,0.1,0.1,0.1,0.1,0.1,0.1,0.92
globe#ported#equal#over#900,globe#ported#equal#over#900#3#1.5#2.875,3,Fd,0.1,0.54,0.44,0.31,0.23,0.19,0.17,0.15,0.14,0.13
globe#ported#equal#over#900,globe#ported#equal#over#900#4#1.5#3.625,4,Cv,3.12,7.35,13.9,23.4,37.9,60.1,90.6,123,147,165
globe#ported#equal#over#900,globe#ported#equal#over#900#4#1.5#3.625,4,FL,0.1,0.1,0.1,0.1,0.1,0.1,0.1,0.1,0.1,0.85
globe#ported#equal#over#900,globe#ported#equal#over#900#4#1.5#3.625,4,Xt,0.676,0.551,0.524,0.488,0.449,0.443,0.463,0.509,0.569,0.683
globe#ported#equal#over#900,globe#ported#equal#over#900#4#1.5#3.625,4,Fd,0.1,0.43,0.33,0.24,0.18,0.15,0.13,0.11,0.096,0.088
globe#ported#equal#over#900,globe#ported#equal#over#900#6#2.5#5.625,6,Cv,3.9,13.3,23.1,36.2,63,105,156,217,280,319
globe#ported#equal#over#900,globe#ported#equal#over#900#6#2.5#5.625,6,FL,0.1,0.1,0.1,0.1,0.1,0.1,0.1,0.1,0.1,0.82
globe#ported#equal#over#900,globe#ported#equal#over#900#6#2.5#5.625,6,Xt,0.961,0.686,0.615,0.584,0.54,0.513,0.496,0.48,0.513,0.593
globe#ported#equal#over#900,globe#ported#equal#over#900#6#2.5#5.625,6,Fd,0.38,0.34,0.25,0.2,0.15,0.12,0.098,0.084,0.073,0.066
globe#ported#equal#over#1500,globe#ported#equal#over#1500#2#1.125#1.875,2,Cv,0.1,1.02,3.26,7.53,13.3,19.8,26.4,32,36.2,41
globe#ported#equal#over#1500,globe#ported#equal#over#1500#2#1.125#1.875,2,FL,0.1,0.1,0.1,0.1,0.1,0.1,0.1,0.1,0.1,0.93
globe#ported#equal#over#1500,globe#ported#equal#over#1500#2#1.125#1.875,2,Xt,0.1,0.745,0.619,0.595,0.587,0.593,0.633,0.721,0.791,0.791
globe#ported#equal#over#1500,globe#ported#equal#over#1500#2#1.125#1.875,2,Fd,0.1,0.76,0.5,0.4,0.31,0.28,0.24,0.22,0.2,0.19
globe#ported#equal#over#1500,globe#ported#equal#over#1500#3#1.5#2.875,3,Cv,0.1,1.21,4.21,11.3,23,37.6,53.2,69.5,85.3,92.7
globe#ported#equal#over#1500,globe#ported#equal#over#1500#3#1.5#2.875,3,FL,0.1,0.954,0.761,0.6,0.558,0.592,0.661,0.705,0.706,0.768
globe#ported#equal#over#1500,globe#ported#equal#over#1500#3#1.5#2.875,3,Xt,0.1,0.1,0.1,0.1,0.1,0.1,0.1,0.1,0.1,0.92
globe#ported#equal#over#1500,globe#ported#equal#over#1500#3#1.5#2.875,3,Fd,0.1,0.54,0.44,0.31,0.23,0.19,0.17,0.15,0.14,0.13
globe#ported#equal#over#1500,globe#ported#equal#over#1500#4#1.5#3.625,4,Cv,3.12,7.35,13.9,23.4,37.9,60.1,90.6,123,147,165
globe#ported#equal#over#1500,globe#ported#equal#over#1500#4#1.5#3.625,4,FL,0.1,0.1,0.1,0.1,0.1,0.1,0.1,0.1,0.1,0.85
globe#ported#equal#over#1500,globe#ported#equal#over#1500#4#1.5#3.625,4,Xt,0.676,0.551,0.524,0.488,0.449,0.443,0.463,0.509,0.569,0.683
globe#ported#equal#over#1500,globe#ported#equal#over#1500#4#1.5#3.625,4,Fd,0.1,0.43,0.33,0.24,0.18,0.15,0.13,0.11,0.096,0.088
globe#ported#equal#over#1500,globe#ported#equal#over#1500#6#2.5#5.625,6,Cv,3.9,13.3,23.1,36.2,63,105,156,217,280,319
globe#ported#equal#over#1500,globe#ported#equal#over#1500#6#2.5#5.625,6,FL,0.1,0.1,0.1,0.1,0.1,0.1,0.1,0.1,0.1,0.82
globe#ported#equal#over#1500,globe#ported#equal#over#1500#6#2.5#5.625,6,Xt,0.961,0.686,0.615,0.584,0.54,0.513,0.496,0.48,0.513,0.593
globe#ported#equal#over#1500,globe#ported#equal#over#1500#6#2.5#5.625,6,Fd,0.38,0.34,0.25,0.2,0.15,0.12,0.098,0.084,0.073,0.066
globe#ported#equal#over#1500,globe#ported#equal#over#1500#2#1#1.875,2,Cv,0.596,1.09,2.58,5.61,10.1,15.4,20.9,26.2,30.8,34.7
globe#ported#equal#over#1500,globe#ported#equal#over#1500#2#1#1.875,2,FL,0.1,0.1,0.1,0.1,0.1,0.1,0.1,0.1,0.1,0.83
globe#ported#equal#over#1500,globe#ported#equal#over#1500#2#1#1.875,2,Xt,0.816,0.667,0.631,0.602,0.588,0.594,0.633,0.686,0.721,0.719
globe#ported#equal#over#1500,globe#ported#equal#over#1500#2#1#1.875,2,Fd,1,1,1,1,1,1,1,1,1,1
globe#ported#linear#over#1500,globe#ported#linear#over#1500#2#1.5#1.875,2,Cv,0.1,3.49,12.5,22.9,31.8,38.4,43,46.7,49.9,52.2
globe#ported#linear#over#1500,globe#ported#linear#over#1500#2#1.5#1.875,2,FL,0.91,0.91,0.91,0.91,0.91,0.91,0.91,0.91,0.91,0.91
globe#ported#linear#over#1500,globe#ported#linear#over#1500#2#1.5#1.875,2,Xt,0.1,0.811,0.632,0.682,0.743,0.829,0.78,0.743,0.726,0.695
globe#ported#linear#over#1500,globe#ported#linear#over#1500#2#1.5#1.875,2,Fd,0.89,0.62,0.44,0.3,0.24,0.22,0.19,0.17,0.16,0.15
globe#ported#linear#over#1500,globe#ported#linear#over#1500#3#2#2.785,3,Cv,0.1 0.1,8.72,31.5,55.1,74.6,89.4,101,110,117,121
globe#ported#linear#over#1500,globe#ported#linear#over#1500#3#2#2.785,3,FL,0.93,0.93,0.93,0.93,0.93,0.93,0.93,0.93,0.93,0.93
globe#ported#linear#over#1500,globe#ported#linear#over#1500#3#2#2.785,3,Xt,0.1 0.1,0.589,0.58,0.653,0.728,0.775,0.795,0.791,0.777,0.773
globe#ported#linear#over#1500,globe#ported#linear#over#1500#3#2#2.785,3,Fd,0.48,0.28,0.21,0.17,0.15,0.13,0.12,0.11,0.11,0.1
globe#ported#linear#over#1500,globe#ported#linear#over#1500#4#2#3.625,4,Cv,6.91,26.4,54.7,86.4,117,143,165,182,194,201
globe#ported#linear#over#1500,globe#ported#linear#over#1500#4#2#3.625,4,FL,0.91,0.91,0.91,0.91,0.91,0.91,0.91,0.91,0.91,0.91
globe#ported#linear#over#1500,globe#ported#linear#over#1500#4#2#3.625,4,Xt,0.327,0.581,0.576,0.509,0.525,0.602,0.673,0.708,0.714,0.726
globe#ported#linear#over#1500,globe#ported#linear#over#1500#4#2#3.625,4,Fd,0.28,0.21,0.15,0.13,0.11,0.098,0.09,0.082,0.077,0.073
globe#ported#linear#over#1500,globe#ported#linear#over#1500#6#3#5.625,6,Cv,8.78,63.3,149,231,298,350,385,408,424,425
globe#ported#linear#over#1500,globe#ported#linear#over#1500#6#3#5.625,6,FL,0.91,0.91,0.91,0.91,0.91,0.91,0.91,0.91,0.91,0.91
globe#ported#linear#over#1500,globe#ported#linear#over#1500#6#3#5.625,6,Xt,0.763,0.613,0.544,0.574,0.621,0.671,0.721,0.745,0.709,0.726
globe#ported#linear#over#1500,globe#ported#linear#over#1500#6#3#5.625,6,Fd,0.24,0.12,0.094,0.076,0.067,0.058,0.054,0.05,0.047,0.046
globe#ported#linear#over#2500,globe#ported#linear#over#2500#2#1#1.875,2,Cv,0.686,0.937,4.03,10.1,17.3,24,29,32.6,35.5,37.9
globe#ported#linear#over#2500,globe#ported#linear#over#2500#2#1#1.875,2,FL,0.81,0.81,0.81,0.81,0.81,0.81,0.81,0.81,0.81,0.81
globe#ported#linear#over#2500,globe#ported#linear#over#2500#2#1#1.875,2,Xt,0.888,0.675,0.533,0.566,0.616,0.656,0.702,0.733,0.747,0.722
globe#ported#linear#over#2500,globe#ported#linear#over#2500#2#1#1.875,2,Fd,1,1,1,1,1,1,1,1,1,1
globe#ported#linear#over#2500,globe#ported#linear#over#2500#3#1.5#2.25,3,Cv,7,24.5,41.1,51.9,62.9,70,79,85,88,88
globe#ported#linear#over#2500,globe#ported#linear#over#2500#3#1.5#2.25,3,FL,0.826,0.826,0.826,0.826,0.826,0.826,0.826,0.826,0.826,0.826
globe#ported#linear#over#2500,globe#ported#linear#over#2500#3#1.5#2.25,3,Xt,0.508,0.528,0.557,0.627,0.689,0.695,0.692,0.684,0.669,0.659
globe#ported#linear#over#2500,globe#ported#linear#over#2500#3#1.5#2.25,3,Fd,0.292,0.369,0.322,0.287,0.246,0.224,0.201,0.186,0.174,0.167
globe#ported#linear#over#2500,globe#ported#linear#over#2500#4#2#2.9,4,Cv,2.7,17.3,35.2,53.2,70.1,94,118,136,147,153
globe#ported#linear#over#2500,globe#ported#linear#over#2500#4#2#2.9,4,FL,0.837,0.837,0.837,0.837,0.837,0.837,0.837,0.837,0.837,0.837
globe#ported#linear#over#2500,globe#ported#linear#over#2500#4#2#2.9,4,Xt,0.638,0.585,0.541,0.538,0.563,0.611,0.661,0.671,0.67,0.663
globe#ported#linear#over#2500,globe#ported#linear#over#2500#4#2#2.9,4,Fd,0.842,0.339,0.226,0.178,0.152,0.128,0.11,0.098,0.09,0.083
globe#ported#linear#over#2500,globe#ported#linear#over#2500#6#3#4.167,6,Cv,10.3,44.1,82.7,133.5,181.7,235,276,302,315,321
globe#ported#linear#over#2500,globe#ported#linear#over#2500#6#3#4.167,6,FL,0.837,0.837,0.837,0.837,0.837,0.837,0.837,0.837,0.837,0.837
globe#ported#linear#over#2500,globe#ported#linear#over#2500#6#3#4.167,6,Xt,0.638,0.585,0.541,0.538,0.563,0.611,0.661,0.671,0.67,0.663
globe#ported#linear#over#2500,globe#ported#linear#over#2500#6#3#4.167,6,Fd,0.437,0.208,0.145,0.11,0.092,0.079,0.07,0.063,0.058,0.055
globe#ac_trim#linear#over#900,globe#ac_trim#linear#over#900#1#1.5#0.875,1,Cv,0.163,0.836,1.8,2.74,3.64,4.51,5.36,6.18,6.91,7.3
globe#ac_trim#linear#over#900,globe#ac_trim#linear#over#900#1#1.5#0.875,1,FL,0.98,0.98,0.98,0.98,0.98,0.98,0.98,0.98,0.98,0.98
globe#ac_trim#linear#over#900,globe#ac_trim#linear#over#900#1#1.5#0.875,1,Xt,1,1,1,1,1,1,1,1,1,1
globe#ac_trim#linear#over#900,globe#ac_trim#linear#over#900#1#1.5#0.875,1,Fd,1,1,1,1,1,1,1,1,1,1
globe#ac_trim#linear#over#900,globe#ac_trim#linear#over#900#2#2#2,2,Cv,1.07,1.97,3.29,4.86,6.58,8.36,10.1,11.7,13,14
globe#ac_trim#linear#over#900,globe#ac_trim#linear#over#900#2#2#2,2,FL,0.98,0.98,0.98,0.98,0.98,0.98,0.98,0.98,0.98,0.98
globe#ac_trim#linear#over#900,globe#ac_trim#linear#over#900#2#2#2,2,Xt,1,1,1,1,1,1,1,1,1,1
globe#ac_trim#linear#over#900,globe#ac_trim#linear#over#900#2#2#2,2,Fd,1,1,1,1,1,1,1,1,1,1
globe#ac_trim#linear#over#900,globe#ac_trim#linear#over#900#3#2#2.5,3,Cv,1.46,4.98,9.24,13.2,17,20.7,24.7,28.5,31.9,34.4
globe#ac_trim#linear#over#900,globe#ac_trim#linear#over#900#3#2#2.5,3,FL,0.98,0.98,0.98,0.98,0.98,0.98,0.98,0.98,0.98,0.98
globe#ac_trim#linear#over#900,globe#ac_trim#linear#over#900#3#2#2.5,3,Xt,1,1,1,1,1,1,1,1,1,1
globe#ac_trim#linear#over#900,globe#ac_trim#linear#over#900#3#2#2.5,3,Fd,1,1,1,1,1,1,1,1,1,1
globe#ac_trim#linear#over#900,globe#ac_trim#linear#over#900#4#2#3.6,4,Cv,2.35,6.4,10.4,14.3,18.3,22.3,26.2,30.1,33.9,37.7
globe#ac_trim#linear#over#900,globe#ac_trim#linear#over#900#4#2#3.6,4,FL,0.98,0.98,0.98,0.98,0.98,0.98,0.98,0.98,0.98,0.98
globe#ac_trim#linear#over#900,globe#ac_trim#linear#over#900#4#2#3.6,4,Xt,1,1,1,1,1,1,1,1,1,1
globe#ac_trim#linear#over#900,globe#ac_trim#linear#over#900#4#2#3.6,4,Fd,1,1,1,1,1,1,1,1,1,1
globe#ac_trim#linear#over#900,globe#ac_trim#linear#over#900#4#3#3.4375,4,Cv,2.61,9.01,15.6,21.8,28.3,34.8,40.4,46.4,52.2,58.1
globe#ac_trim#linear#over#900,globe#ac_trim#linear#over#900#4#3#3.4375,4,FL,0.98,0.98,0.98,0.98,0.98,0.98,0.98,0.98,0.98,0.98
globe#ac_trim#linear#over#900,globe#ac_trim#linear#over#900#4#3#3.4375,4,Xt,1,1,1,1,1,1,1,1,1,1
globe#ac_trim#linear#over#900,globe#ac_trim#linear#over#900#4#3#3.4375,4,Fd,1,1,1,1,1,1,1,1,1,1
globe#ac_trim#linear#over#900,globe#ac_trim#linear#over#900#6#4#5.25,6,Cv,7.5,20.7,33.8,47,60.1,73.3,87,100,112,123
globe#ac_trim#linear#over#900,globe#ac_trim#linear#over#900#6#4#5.25,6,FL,0.98,0.98,0.98,0.98,0.98,0.98,0.98,0.98,0.98,0.98
globe#ac_trim#linear#over#900,globe#ac_trim#linear#over#900#6#4#5.25,6,Xt,1,1,1,1,1,1,1,1,1,1
globe#ac_trim#linear#over#900,globe#ac_trim#linear#over#900#6#4#5.25,6,Fd,1,1,1,1,1,1,1,1,1,1
globe#ac_trim#linear#over#900,globe#ac_trim#linear#over#900#6#3#5.4,6,Cv,7.12,16.1,25,33.8,42.7,51.5,60.2,68.9,77.5,86.1
globe#ac_trim#linear#over#900,globe#ac_trim#linear#over#900#6#3#5.4,6,FL,0.98,0.98,0.98,0.98,0.98,0.98,0.98,0.98,0.98,0.98
globe#ac_trim#linear#over#900,globe#ac_trim#linear#over#900#6#3#5.4,6,Xt,1,1,1,1,1,1,1,1,1,1
globe#ac_trim#linear#over#900,globe#ac_trim#linear#over#900#6#3#5.4,6,Fd,1,1,1,1,1,1,1,1,1,1
globe#ac_trim#linear#over#900,globe#ac_trim#linear#over#900#2#2#1,2,Cv,0.272,1.1,1.98,2.82,3.63,4.46,5.3,6.07,6.61,6.73
globe#ac_trim#linear#over#900,globe#ac_trim#linear#over#900#2#2#1,2,FL,0.99,0.99,0.99,0.99,0.99,0.99,0.99,0.99,0.99,0.99
globe#ac_trim#linear#over#900,globe#ac_trim#linear#over#900#2#2#1,2,Xt,0.1,0.1,0.1,0.1,0.1,0.1,0.1,0.1,0.1,0.1
globe#ac_trim#linear#over#900,globe#ac_trim#linear#over#900#2#2#1,2,Fd,0.1,0.1,0.1,0.1,0.1,0.1,0.1,0.1,0.1,0.1
globe#ac_trim#linear#over#900,globe#ac_trim#linear#over#900#3#2.5#1.875,3,Cv,0.747,2.02,3.92,6.15,8.01,9.5,11,12.8,14.9,16.5
globe#ac_trim#linear#over#900,globe#ac_trim#linear#over#900#3#2.5#1.875,3,FL,0.99,0.99,0.99,0.99,0.99,0.99,0.99,0.99,0.99,0.99
globe#ac_trim#linear#over#900,globe#ac_trim#linear#over#900#3#2.5#1.875,3,Xt,0.1,0.1,0.1,0.1,0.1,0.1,0.1,0.1,0.1,0.1
globe#ac_trim#linear#over#900,globe#ac_trim#linear#over#900#3#2.5#1.875,3,Fd,0.1,0.1,0.1,0.1,0.1,0.1,0.1,0.1,0.1,0.1
globe#ac_trim#linear#over#900,globe#ac_trim#linear#over#900#4#3#2.875,4,Cv,2.8,5.5,8.3,11,13.9,16.7,19.4,22.2,25,27.8
globe#ac_trim#linear#over#900,globe#ac_trim#linear#over#900#4#3#2.875,4,FL,0.99,0.99,0.99,0.99,0.99,0.99,0.99,0.99,0.99,0.99
globe#ac_trim#linear#over#900,globe#ac_trim#linear#over#900#4#3#2.875,4,Xt,0.1,0.1,0.1,0.1,0.1,0.1,0.1,0.1,0.1,0.1
globe#ac_trim#linear#over#900,globe#ac_trim#linear#over#900#4#3#2.875,4,Fd,0.1,0.1,0.1,0.1,0.1,0.1,0.1,0.1,0.1,0.1
globe#ac_trim#linear#over#900,globe#ac_trim#linear#over#900#6#4#4.5625,6,Cv,6.1,13.2,19.8,26.1,34.1,41.5,48.2,54.5,60.9,65
globe#ac_trim#linear#over#900,globe#ac_trim#linear#over#900#6#4#4.5625,6,FL,0.99,0.99,0.99,0.99,0.99,0.99,0.99,0.99,0.99,0.99
globe#ac_trim#linear#over#900,globe#ac_trim#linear#over#900#6#4#4.5625,6,Xt,0.1,0.1,0.1,0.1,0.1,0.1,0.1,0.1,0.1,0.1
globe#ac_trim#linear#over#900,globe#ac_trim#linear#over#900#6#4#4.5625,6,Fd,0.1,0.1,0.1,0.1,0.1,0.1,0.1,0.1,0.1,0.1
globe#ac_trim#linear#over#1500,globe#ac_trim#linear#over#1500#1#1.5#0.875,1,Cv,0.163,0.836,1.8,2.74,3.64,4.51,5.36,6.18,6.91,7.3
globe#ac_trim#linear#over#1500,globe#ac_trim#linear#over#1500#1#1.5#0.875,1,FL,0.98,0.98,0.98,0.98,0.98,0.98,0.98,0.98,0.98,0.98
globe#ac_trim#linear#over#1500,globe#ac_trim#linear#over#1500#1#1.5#0.875,1,Xt,1,1,1,1,1,1,1,1,1,1
globe#ac_trim#linear#over#1500,"globe#ac_trim#linear#over#1500#1#1.5#,875",1,Fd,1,1,1,1,1,1,1,1,1,1
globe#ac_trim#linear#over#1500,globe#ac_trim#linear#over#1500#2#2#2,2,Cv,1.07,1.97,3.29,4.86,6.58,8.36,10.1,11.7,13,14
globe#ac_trim#linear#over#1500,globe#ac_trim#linear#over#1500#2#2#2,2,FL,0.98,0.98,0.98,0.98,0.98,0.98,0.98,0.98,0.98,0.98
globe#ac_trim#linear#over#1500,globe#ac_trim#linear#over#1500#2#2#2,2,Xt,1,1,1,1,1,1,1,1,1,1
globe#ac_trim#linear#over#1500,globe#ac_trim#linear#over#1500#2#2#2,2,Fd,1,1,1,1,1,1,1,1,1,1
globe#ac_trim#linear#over#1500,globe#ac_trim#linear#over#1500#3#2#2.5,3,Cv,1.46,4.98,9.24,13.2,17,20.7,24.7,28.5,31.9,34.4
globe#ac_trim#linear#over#1500,globe#ac_trim#linear#over#1500#3#2#2.5,3,FL,0.98,0.98,0.98,0.98,0.98,0.98,0.98,0.98,0.98,0.98
globe#ac_trim#linear#over#1500,globe#ac_trim#linear#over#1500#3#2#2.5,3,Xt,1,1,1,1,1,1,1,1,1,1
globe#ac_trim#linear#over#1500,globe#ac_trim#linear#over#1500#3#2#2.5,3,Fd,1,1,1,1,1,1,1,1,1,1
globe#ac_trim#linear#over#1500,globe#ac_trim#linear#over#1500#4#2#3.6,4,Cv,2.35,6.4,10.4,14.3,18.3,22.3,26.2,30.1,33.9,37.7
globe#ac_trim#linear#over#1500,globe#ac_trim#linear#over#1500#4#2#3.6,4,FL,0.98,0.98,0.98,0.98,0.98,0.98,0.98,0.98,0.98,0.98
globe#ac_trim#linear#over#1500,globe#ac_trim#linear#over#1500#4#2#3.6,4,Xt,1,1,1,1,1,1,1,1,1,1
globe#ac_trim#linear#over#1500,globe#ac_trim#linear#over#1500#4#2#3.6,4,Fd,1,1,1,1,1,1,1,1,1,1
globe#ac_trim#linear#over#1500,globe#ac_trim#linear#over#1500#4#3#3.4375,4,Cv,2.61,9.01,15.6,21.8,28.3,34.8,40.4,46.4,52.2,58.1
globe#ac_trim#linear#over#1500,globe#ac_trim#linear#over#1500#4#3#3.4375,4,FL,0.98,0.98,0.98,0.98,0.98,0.98,0.98,0.98,0.98,0.98
globe#ac_trim#linear#over#1500,globe#ac_trim#linear#over#1500#4#3#3.4375,4,Xt,1,1,1,1,1,1,1,1,1,1
globe#ac_trim#linear#over#1500,globe#ac_trim#linear#over#1500#4#3#3.4375,4,Fd,1,1,1,1,1,1,1,1,1,1
globe#ac_trim#linear#over#1500,globe#ac_trim#linear#over#1500#6#4#5.25,6,Cv,7.5,20.7,33.8,47,60.1,73.3,87,100,112,123
globe#ac_trim#linear#over#1500,globe#ac_trim#linear#over#1500#6#4#5.25,6,FL,0.98,0.98,0.98,0.98,0.98,0.98,0.98,0.98,0.98,0.98
globe#ac_trim#linear#over#1500,globe#ac_trim#linear#over#1500#6#4#5.25,6,Xt,1,1,1,1,1,1,1,1,1,1
globe#ac_trim#linear#over#1500,globe#ac_trim#linear#over#1500#6#4#5.25,6,Fd,1,1,1,1,1,1,1,1,1,1
globe#ac_trim#linear#over#1500,globe#ac_trim#linear#over#1500#6#3#5.4,6,Cv,7.12,16.1,25,33.8,42.7,51.5,60.2,68.9,77.5,86.1
globe#ac_trim#linear#over#1500,globe#ac_trim#linear#over#1500#6#3#5.4,6,FL,0.98,0.98,0.98,0.98,0.98,0.98,0.98,0.98,0.98,0.98
globe#ac_trim#linear#over#1500,globe#ac_trim#linear#over#1500#6#3#5.4,6,Xt,1,1,1,1,1,1,1,1,1,1
globe#ac_trim#linear#over#1500,globe#ac_trim#linear#over#1500#6#3#5.4,6,Fd,1,1,1,1,1,1,1,1,1,1
globe#ac_trim#linear#over#1500,globe#ac_trim#linear#over#1500#2#2#1,2,Cv,0.272,1.1,1.98,2.82,3.63,4.46,5.3,6.07,6.61,6.73
globe#ac_trim#linear#over#1500,globe#ac_trim#linear#over#1500#2#2#1,2,FL,0.99,0.99,0.99,0.99,0.99,0.99,0.99,0.99,0.99,0.99
globe#ac_trim#linear#over#1500,globe#ac_trim#linear#over#1500#2#2#1,2,Xt,0.1,0.1,0.1,0.1,0.1,0.1,0.1,0.1,0.1,0.1
globe#ac_trim#linear#over#1500,globe#ac_trim#linear#over#1500#2#2#1,2,Fd,0.1,0.1,0.1,0.1,0.1,0.1,0.1,0.1,0.1,0.1
globe#ac_trim#linear#over#1500,globe#ac_trim#linear#over#1500#3#2.5#1.875,3,Cv,0.747,2.02,3.92,6.15,8.01,9.5,11,12.8,14.9,16.5
globe#ac_trim#linear#over#1500,globe#ac_trim#linear#over#1500#3#2.5#1.875,3,FL,0.99,0.99,0.99,0.99,0.99,0.99,0.99,0.99,0.99,0.99
globe#ac_trim#linear#over#1500,globe#ac_trim#linear#over#1500#3#2.5#1.875,3,Xt,0.1,0.1,0.1,0.1,0.1,0.1,0.1,0.1,0.1,0.1
globe#ac_trim#linear#over#1500,globe#ac_trim#linear#over#1500#3#2.5#1.875,3,Fd,0.1,0.1,0.1,0.1,0.1,0.1,0.1,0.1,0.1,0.1
globe#ac_trim#linear#over#1500,globe#ac_trim#linear#over#1500#4#3#2.875,4,Cv,2.8,5.5,8.3,11,13.9,16.7,19.4,22.2,25,27.8
globe#ac_trim#linear#over#1500,globe#ac_trim#linear#over#1500#4#3#2.875,4,FL,0.99,0.99,0.99,0.99,0.99,0.99,0.99,0.99,0.99,0.99
globe#ac_trim#linear#over#1500,globe#ac_trim#linear#over#1500#4#3#2.875,4,Xt,0.1,0.1,0.1,0.1,0.1,0.1,0.1,0.1,0.1,0.1
globe#ac_trim#linear#over#1500,globe#ac_trim#linear#over#1500#4#3#2.875,4,Fd,0.1,0.1,0.1,0.1,0.1,0.1,0.1,0.1,0.1,0.1
globe#ac_trim#linear#over#1500,globe#ac_trim#linear#over#1500#6#4#4.5625,6,Cv,6.1,13.2,19.8,26.1,34.1,41.5,48.2,54.5,60.9,65
globe#ac_trim#linear#over#1500,globe#ac_trim#linear#over#1500#6#4#4.5625,6,FL,0.99,0.99,0.99,0.99,0.99,0.99,0.99,0.99,0.99,0.99
globe#ac_trim#linear#over#1500,globe#ac_trim#linear#over#1500#6#4#4.5625,6,Xt,0.1,0.1,0.1,0.1,0.1,0.1,0.1,0.1,0.1,0.1
globe#ac_trim#linear#over#1500,globe#ac_trim#linear#over#1500#6#4#4.5625,6,Fd,0.1,0.1,0.1,0.1,0.1,0.1,0.1,0.1,0.1,0.1
globe#ac_trim#linear#over#2500,globe#ac_trim#linear#over#2500#2#2#1,2,Cv,0.272,1.1,1.98,2.82,3.63,4.46,5.3,6.07,6.61,6.73
globe#ac_trim#linear#over#2500,globe#ac_trim#linear#over#2500#2#2#1,2,FL,0.99,0.99,0.99,0.99,0.99,0.99,0.99,0.99,0.99,0.99
globe#ac_trim#linear#over#2500,globe#ac_trim#linear#over#2500#2#2#1,2,Xt,0.1,0.1,0.1,0.1,0.1,0.1,0.1,0.1,0.1,0.1
globe#ac_trim#linear#over#2500,globe#ac_trim#linear#over#2500#2#2#1,2,Fd,0.1,0.1,0.1,0.1,0.1,0.1,0.1,0.1,0.1,0.1
globe#ac_trim#linear#over#2500,globe#ac_trim#linear#over#2500#3#2.5#1.375,3,Cv,1.71,2.8,3.9,4.9,6.2,7.9,9.2,10.3,11.3,12.4
globe#ac_trim#linear#over#2500,globe#ac_trim#linear#over#2500#3#2.5#1.375,3,FL,0.99,0.99,0.99,0.99,0.99,0.99,0.99,0.99,0.99,0.99
globe#ac_trim#linear#over#2500,globe#ac_trim#linear#over#2500#3#2.5#1.375,3,Xt,0.1,0.1,0.1,0.1,0.1,0.1,0.1,0.1,0.1,0.1
globe#ac_trim#linear#over#2500,globe#ac_trim#linear#over#2500#3#2.5#1.375,3,Fd,0.1,0.1,0.1,0.1,0.1,0.1,0.1,0.1,0.1,0.1
globe#ac_trim#linear#over#2500,globe#ac_trim#linear#over#2500#4#2.75#2.25,4,Cv,2.78,4.6,6.9,9.9,11.6,13.4,16.3,18.7,20.4,22.1
globe#ac_trim#linear#over#2500,globe#ac_trim#linear#over#2500#4#2.75#2.25,4,FL,0.99,0.99,0.99,0.99,0.99,0.99,0.99,0.99,0.99,0.99
globe#ac_trim#linear#over#2500,globe#ac_trim#linear#over#2500#4#2.75#2.25,4,Xt,0.1,0.1,0.1,0.1,0.1,0.1,0.1,0.1,0.1,0.1
globe#ac_trim#linear#over#2500,globe#ac_trim#linear#over#2500#4#2.75#2.25,4,Fd,0.1,0.1,0.1,0.1,0.1,0.1,0.1,0.1,0.1,0.1
globe#ac_trim#linear#over#2500,globe#ac_trim#linear#over#2500#6#3.75#4.167,6,Cv,5.71,11.8,18.2,23.7,27.6,33.9,40.1,44.7,49.4,55.5
globe#ac_trim#linear#over#2500,globe#ac_trim#linear#over#2500#6#3.75#4.167,6,FL,0.99,0.99,0.99,0.99,0.99,0.99,0.99,0.99,0.99,0.99
globe#ac_trim#linear#over#2500,globe#ac_trim#linear#over#2500#6#3.75#4.167,6,Xt,0.1,0.1,0.1,0.1,0.1,0.1,0.1,0.1,0.1,0.1
globe#ac_trim#linear#over#2500,globe#ac_trim#linear#over#2500#6#3.75#4.167,6,Fd,0.1,0.1,0.1,0.1,0.1,0.1,0.1,0.1,0.1,0.1
globe#ac_trim#linear#over#2500,globe#ac_trim#linear#over#2500#3#2.5#2.25,3,Cv,2.81,6,9.2,12.5,15.7,18.9,22.1,25.3,28.5,31.7
globe#ac_trim#linear#over#2500,globe#ac_trim#linear#over#2500#3#2.5#2.25,3,FL,0.94,0.94,0.94,0.94,0.94,0.94,0.94,0.94,0.94,0.94
globe#ac_trim#linear#over#2500,globe#ac_trim#linear#over#2500#3#2.5#2.25,3,Xt,1,1,1,1,1,1,1,1,1,1
globe#ac_trim#linear#over#2500,globe#ac_trim#linear#over#2500#3#2.5#2.25,3,Fd,1,1,1,1,1,1,1,1,1,1
globe#ac_trim#linear#over#2500,globe#ac_trim#linear#over#2500#4#2.75#2.9,4,Cv,4.01,8.2,12.3,16.5,20.7,24.9,29,33.2,37.4,41.5
globe#ac_trim#linear#over#2500,globe#ac_trim#linear#over#2500#4#2.75#2.9,4,FL,0.94,0.94,0.94,0.94,0.94,0.94,0.94,0.94,0.94,0.94
globe#ac_trim#linear#over#2500,globe#ac_trim#linear#over#2500#4#2.75#2.9,4,Xt,1,1,1,1,1,1,1,1,1,1
globe#ac_trim#linear#over#2500,globe#ac_trim#linear#over#2500#4#2.75#2.9,4,Fd,1,1,1,1,1,1,1,1,1,1
globe#ac_trim#linear#over#2500,globe#ac_trim#linear#over#2500#6#3.75#4.167,6,Cv,8.9,17.3,25.6,34,42.4,50.7,59.1,67.5,75.8,84.2
globe#ac_trim#linear#over#2500,globe#ac_trim#linear#over#2500#6#3.75#4.167,6,FL,0.94,0.94,0.94,0.94,0.94,0.94,0.94,0.94,0.94,0.94
globe#ac_trim#linear#over#2500,globe#ac_trim#linear#over#2500#6#3.75#4.167,6,Xt,1,1,1,1,1,1,1,1,1,1
globe#ac_trim#linear#over#2500,globe#ac_trim#linear#over#2500#6#3.75#4.167,6,Fd,1,1,1,1,1,1,1,1,1,1
globe#an_trim#linear#under#900,globe#an_trim#linear#under#900#2#1.5#1.785,2,Cv,3,7.7,13,17.8,22.3,26.4,31,35.3,39,42
globe#an_trim#linear#under#900,globe#an_trim#linear#under#900#2#1.5#1.785,2,FL,0.1,,,,,,,,,
globe#an_trim#linear#under#900,globe#an_trim#linear#under#900#2#1.5#1.785,2,Xt,0.516,0.602,0.604,0.61,0.607,0.618,0.608,0.607,0.612,0.608
globe#an_trim#linear#under#900,globe#an_trim#linear#under#900#2#1.5#1.785,2,Fd,0.1,0.1,0.1,0.1,0.1,0.1,0.1,0.1,0.1,0.1
globe#an_trim#linear#under#900,globe#an_trim#linear#under#900#3#2#2.875,3,Cv,6,21,34.6,49,62.7,77,89.7,98.8,105,108
globe#an_trim#linear#under#900,globe#an_trim#linear#under#900#3#2#2.875,3,FL,1,1,1,1,1,1,1,1,1,1
globe#an_trim#linear#under#900,globe#an_trim#linear#under#900#3#2#2.875,3,Xt,0.87,0.8,0.83,0.81,0.82,0.82,0.81,0.82,0.81,0.82
globe#an_trim#linear#under#900,globe#an_trim#linear#under#900#3#2#2.875,3,Fd,1,1,1,1,1,1,1,1,1,1
globe#an_trim#linear#under#900,globe#an_trim#linear#under#900#3#2#2.875,3,Cv,6.57,24.1,42.1,58.9,74,86.8,97.4,105,110,111
globe#an_trim#linear#under#900,globe#an_trim#linear#under#900#3#2#2.875,3,FL,1,1,1,1,1,1,1,1,1,1
globe#an_trim#linear#under#900,globe#an_trim#linear#under#900#3#2#2.875,3,Xt,0.727,0.61,0.56,0.558,0.588,0.641,0.687,0.723,0.738,0.772
globe#an_trim#linear#under#900,globe#an_trim#linear#under#900#3#2#2.875,3,Fd,1,1,1,1,1,1,1,1,1,1
globe#an_trim#linear#under#900,globe#an_trim#linear#under#900#4#2#3.625,4,Cv,7.56,27.3,50.1,71.5,90.8,109,126,142,155,162
globe#an_trim#linear#under#900,globe#an_trim#linear#under#900#4#2#3.625,4,FL,1,1,1,1,1,1,1,1,1,1
globe#an_trim#linear#under#900,globe#an_trim#linear#under#900#4#2#3.625,4,Xt,0.625,0.586,0.545,0.519,0.52,0.542,0.577,0.614,0.64,0.674
globe#an_trim#linear#under#900,globe#an_trim#linear#under#900#4#2#3.625,4,Fd,1,1,1,1,1,1,1,1,1,1
globe#an_trim#linear#under#900,globe#an_trim#linear#under#900#4#2#3.6,4,Cv,13.3,28.1,43.7,60,76.3,92,106,118,127,134
globe#an_trim#linear#under#900,globe#an_trim#linear#under#900#4#2#3.6,4,FL,1,1,1,1,1,1,1,1,1,1
globe#an_trim#linear#under#900,globe#an_trim#linear#under#900#4#2#3.6,4,Xt,0.527,0.554,0.578,0.561,0.559,0.569,0.58,0.61,0.652,0.679
globe#an_trim#linear#under#900,globe#an_trim#linear#under#900#4#2#3.6,4,Fd,1,1,1,1,1,1,1,1,1,1
globe#an_trim#linear#under#900,globe#an_trim#linear#under#900#6#3#3.625,6,Cv,28.6,66.4,103,142,180,220,253,284,308,324
globe#an_trim#linear#under#900,globe#an_trim#linear#under#900#6#3#3.625,6,FL,1,1,1,1,1,1,1,1,1,1
globe#an_trim#linear#under#900,globe#an_trim#linear#under#900#6#3#3.625,6,Xt,0.423,0.513,0.533,0.525,0.557,0.535,0.543,0.56,0.598,0.627
globe#an_trim#linear#under#900,globe#an_trim#linear#under#900#6#3#3.625,6,Fd,1,1,1,1,1,1,1,1,1,1
globe#an_trim#linear#under#900,globe#an_trim#linear#under#900#6#3#5.4,6,Cv,31.4,63.7,95.3,127,159,190,219,241,257,266
globe#an_trim#linear#under#900,globe#an_trim#linear#under#900#6#3#5.4,6,FL,1,1,1,1,1,1,1,1,1,1
globe#an_trim#linear#under#900,globe#an_trim#linear#under#900#6#3#5.4,6,Xt,0.572,0.556,0.549,0.551,0.544,0.55,0.555,0.594,0.637,0.672
globe#an_trim#linear#under#900,globe#an_trim#linear#under#900#6#3#5.4,6,Fd,1,1,1,1,1,1,1,1,1,1
globe#an_trim#linear#under#900,globe#an_trim#linear#under#900#3#2#2.875,3,Cv,3,9,14.4,18.6,23.4,28.5,34.6,40.2,45,48.8
globe#an_trim#linear#under#900,globe#an_trim#linear#under#900#3#2#2.875,3,FL,1,1,1,1,1,1,1,1,1,1
globe#an_trim#linear#under#900,globe#an_trim#linear#under#900#3#2#2.875,3,Xt,0.615,0.618,0.592,0.622,0.622,0.633,0.62,0.624,0.622,0.622
globe#an_trim#linear#under#900,globe#an_trim#linear#under#900#3#2#2.875,3,Fd,1,1,1,1,1,1,1,1,1,1
globe#an_trim#linear#under#900,globe#an_trim#linear#under#900#4#2#3.6,4,Cv,10,20.1,30.3,40.9,51.9,63,74.2,85.1,95.4,105
globe#an_trim#linear#under#900,globe#an_trim#linear#under#900#4#2#3.6,4,FL,1,1,1,1,1,1,1,1,1,1
globe#an_trim#linear#under#900,globe#an_trim#linear#under#900#4#2#3.6,4,Xt,0.527,0.554,0.578,0.561,0.559,0.569,0.58,0.61,0.652,0.679
globe#an_trim#linear#under#900,globe#an_trim#linear#under#900#4#2#3.6,4,Fd,1,1,1,1,1,1,1,1,1,1
globe#an_trim#linear#under#900,globe#an_trim#linear#under#900#6#3#5.4,6,Cv,23.7,46.5,69,91.2,113,136,158,180,201,220
globe#an_trim#linear#under#900,globe#an_trim#linear#under#900#6#3#5.4,6,FL,1,1,1,1,1,1,1,1,1,1
globe#an_trim#linear#under#900,globe#an_trim#linear#under#900#6#3#5.4,6,Xt,0.572,0.556,0.549,0.551,0.544,0.55,0.555,0.594,0.637,0.672
globe#an_trim#linear#under#900,globe#an_trim#linear#under#900#6#3#5.4,6,Fd,1,1,1,1,1,1,1,1,1,1
globe#an_trim#linear#under#900,globe#an_trim#linear#under#900#4#2#3.625,4,Cv,8,20,30,40,52,62,73,82,88.9,88.9
globe#an_trim#linear#under#900,globe#an_trim#linear#under#900#4#2#3.625,4,FL,1,1,1,1,1,1,1,1,1,1
globe#an_trim#linear#under#900,globe#an_trim#linear#under#900#4#2#3.625,4,Xt,0.591,0.531,0.524,0.517,0.513,0.509,0.517,0.527,0.522,0.522
globe#an_trim#linear#under#900,globe#an_trim#linear#under#900#4#2#3.625,4,Fd,1,1,1,1,1,1,1,1,1,1
globe#an_trim#linear#under#900,globe#an_trim#linear#under#900#4#2#3.6,4,Cv,10.3,20.9,31.6,42.8,54.3,66,77.6,88.8,99.3,109
globe#an_trim#linear#under#900,globe#an_trim#linear#under#900#4#2#3.6,4,FL,1,1,1,1,1,1,1,1,1,1
globe#an_trim#linear#under#900,globe#an_trim#linear#under#900#4#2#3.6,4,Xt,0.527,0.554,0.578,0.561,0.559,0.569,0.58,0.61,0.652,0.679
globe#an_trim#linear#under#900,globe#an_trim#linear#under#900#4#2#3.6,4,Fd,1,1,1,1,1,1,1,1,1,1
globe#an_trim#linear#under#900,globe#an_trim#linear#under#900#6#3#5.625,6,Cv,13,30,50,69,87,107,125,143,160,166
globe#an_trim#linear#under#900,globe#an_trim#linear#under#900#6#3#5.625,6,FL,1,1,1,1,1,1,1,1,1,1
globe#an_trim#linear#under#900,globe#an_trim#linear#under#900#6#3#5.625,6,Xt,0.577,0.58,0.548,0.552,0.563,0.545,0.554,0.552,0.555,0.554
globe#an_trim#linear#under#900,globe#an_trim#linear#under#900#6#3#5.625,6,Fd,0.087,0.051,0.042,0.034,0.031,0.028,0.026,0.024,0.022,0.022
globe#an_trim#linear#under#900,globe#an_trim#linear#under#900#6#3#5.4,6,Cv,25.4,50.4,75,99.3,124,148,173,196,218,236
globe#an_trim#linear#under#900,globe#an_trim#linear#under#900#6#3#5.4,6,FL,1,1,1,1,1,1,1,1,1,1
globe#an_trim#linear#under#900,globe#an_trim#linear#under#900#6#3#5.4,6,Xt,0.572,0.556,0.549,0.551,0.544,0.55,0.555,0.594,0.637,0.672
globe#an_trim#linear#under#900,globe#an_trim#linear#under#900#6#3#5.4,6,Fd,1,1,1,1,1,1,1,1,1,1
globe#an_trim#linear#under#900,globe#an_trim#linear#under#900#4#2#3.625,4,Cv,8,15,21.5,28,34.4,41,47.3,53.5,56.5,56.8
globe#an_trim#linear#under#900,globe#an_trim#linear#under#900#4#2#3.625,4,FL,0.1,0.1,0.1,0.1,0.1,0.1,0.1,0.1,0.1,0.1
globe#an_trim#linear#under#900,globe#an_trim#linear#under#900#4#2#3.625,4,Xt,0.526,0.516,0.53,0.53,0.539,0.535,0.54,0.538,0.54,0.54
globe#an_trim#linear#under#900,globe#an_trim#linear#under#900#4#2#3.625,4,Fd,0.14,0.11,0.079,0.064,0.06,0.053,0.047,0.046,0.042,0.042
globe#an_trim#linear#under#900,globe#an_trim#linear#under#900#4#2#3.6,4,Cv,7.66,14.5,21.2,28.1,35.2,42.4,49.8,57.3,64.8,72.4
globe#an_trim#linear#under#900,globe#an_trim#linear#under#900#4#2#3.6,4,FL,0.1,0.1,0.1,0.1,0.1,0.1,0.1,0.1,0.1,0.1
globe#an_trim#linear#under#900,globe#an_trim#linear#under#900#4#2#3.6,4,Xt,0.527,0.554,0.578,0.561,0.559,0.569,0.58,0.61,0.652,0.679
globe#an_trim#linear#under#900,globe#an_trim#linear#under#900#4#2#3.6,4,Fd,0.1,0.1,0.1,0.1,0.1,0.1,0.1,0.1,0.1,0.1
globe#an_trim#linear#under#900,globe#an_trim#linear#under#900#6#3#5.375,6,Cv,8.3,20.5,33,44.3,57,69,83,96.5,108,112
globe#an_trim#linear#under#900,globe#an_trim#linear#under#900#6#3#5.375,6,FL,0.1,0.1,0.1,0.1,0.1,0.1,0.1,0.1,0.1,0.1
globe#an_trim#linear#under#900,globe#an_trim#linear#under#900#6#3#5.375,6,Xt,0.567,0.575,0.572,0.572,0.556,0.568,0.563,0.561,0.559,0.563
globe#an_trim#linear#under#900,globe#an_trim#linear#under#900#6#3#5.375,6,Fd,0.093,0.067,0.051,0.045,0.039,0.036,0.032,0.031,0.029,0.028
globe#an_trim#linear#under#900,globe#an_trim#linear#under#900#6#3#5.4,6,Cv,18.4,34.7,51,67,82.9,98.7,114,130,146,162
globe#an_trim#linear#under#900,globe#an_trim#linear#under#900#6#3#5.4,6,FL,0.1,0.1,0.1,0.1,0.1,0.1,0.1,0.1,0.1,0.1
globe#an_trim#linear#under#900,globe#an_trim#linear#under#900#6#3#5.4,6,Xt,0.572,0.556,0.549,0.551,0.544,0.55,0.555,0.594,0.637,0.672
globe#an_trim#linear#under#900,globe#an_trim#linear#under#900#6#3#5.4,6,Fd,0.1,0.1,0.1,0.1,0.1,0.1,0.1,0.1,0.1,0.1
globe#an_trim#linear#under#900,globe#an_trim#linear#under#900#4#2#2.875,4,Cv,4,7.9,11.5,15.2,18.8,22.8,27,30.8,33.7,37.1
globe#an_trim#linear#under#900,globe#an_trim#linear#under#900#4#2#2.875,4,FL,0.1,0.1,0.1,0.1,0.1,0.1,0.1,0.1,0.1,0.1
globe#an_trim#linear#under#900,globe#an_trim#linear#under#900#4#2#2.875,4,Xt,0.517,0.525,0.54,0.526,0.533,0.536,0.534,0.53,0.533,0.53
globe#an_trim#linear#under#900,globe#an_trim#linear#under#900#4#2#2.875,4,Fd,0.1,0.1,0.1,0.1,0.1,0.1,0.1,0.1,0.1,0.1
globe#an_trim#linear#under#900,globe#an_trim#linear#under#900#6#3#4.375,6,Cv,7,14,20.7,28,34.8,41.6,48.5,55.7,62.5,69.6
globe#an_trim#linear#under#900,globe#an_trim#linear#under#900#6#3#4.375,6,FL,0.1,0.1,0.1,0.1,0.1,0.1,0.1,0.1,0.1,0.1
globe#an_trim#linear#under#900,globe#an_trim#linear#under#900#6#3#4.375,6,Xt,0.563,0.557,0.572,0.557,0.569,0.564,0.566,0.562,0.566,0.564
globe#an_trim#linear#under#900,globe#an_trim#linear#under#900#6#3#4.375,6,Fd,0.1,0.1,0.1,0.1,0.1,0.1,0.1,0.1,0.1,0.1
globe#an_trim#linear#under#1500,globe#an_trim#linear#under#1500#2#1.5#1.785,2,Cv,3,7.7,13,17.8,22.3,26.4,31,35.3,39,42
globe#an_trim#linear#under#1500,globe#an_trim#linear#under#1500#2#1.5#1.785,2,FL,0.1,,,,,,,,,
globe#an_trim#linear#under#1500,globe#an_trim#linear#under#1500#2#1.5#1.785,2,Xt,0.516,0.602,0.604,0.61,0.607,0.618,0.608,0.607,0.612,0.608
globe#an_trim#linear#under#1500,globe#an_trim#linear#under#1500#2#1.5#1.785,2,Fd,0.1,0.1,0.1,0.1,0.1,0.1,0.1,0.1,0.1,0.1
globe#an_trim#linear#under#1500,globe#an_trim#linear#under#1500#3#2#2.875,3,Cv,6,21,34.6,49,62.7,77,89.7,98.8,105,108
globe#an_trim#linear#under#1500,globe#an_trim#linear#under#1500#3#2#2.875,3,FL,1,1,1,1,1,1,1,1,1,1
globe#an_trim#linear#under#1500,globe#an_trim#linear#under#1500#3#2#2.875,3,Xt,0.87,0.8,0.83,0.81,0.82,0.82,0.81,0.82,0.81,0.82
globe#an_trim#linear#under#1500,globe#an_trim#linear#under#1500#3#2#2.875,3,Fd,1,1,1,1,1,1,1,1,1,1
globe#an_trim#linear#under#1500,globe#an_trim#linear#under#1500#3#2#2.875,3,Cv,6.57,24.1,42.1,58.9,74,86.8,97.4,105,110,111
globe#an_trim#linear#under#1500,globe#an_trim#linear#under#1500#3#2#2.875,3,FL,1,1,1,1,1,1,1,1,1,1
globe#an_trim#linear#under#1500,globe#an_trim#linear#under#1500#3#2#2.875,3,Xt,0.727,0.61,0.56,0.558,0.588,0.641,0.687,0.723,0.738,0.772
globe#an_trim#linear#under#1500,globe#an_trim#linear#under#1500#3#2#2.875,3,Fd,1,1,1,1,1,1,1,1,1,1
globe#an_trim#linear#under#1500,globe#an_trim#linear#under#1500#4#2#3.625,4,Cv,7.56,27.3,50.1,71.5,90.8,109,126,142,155,162
globe#an_trim#linear#under#1500,globe#an_trim#linear#under#1500#4#2#3.625,4,FL,1,1,1,1,1,1,1,1,1,1
globe#an_trim#linear#under#1500,globe#an_trim#linear#under#1500#4#2#3.625,4,Xt,0.625,0.586,0.545,0.519,0.52,0.542,0.577,0.614,0.64,0.674
globe#an_trim#linear#under#1500,globe#an_trim#linear#under#1500#4#2#3.625,4,Fd,1,1,1,1,1,1,1,1,1,1
globe#an_trim#linear#under#1500,globe#an_trim#linear#under#1500#4#2#3.6,4,Cv,13.3,28.1,43.7,60,76.3,92,106,118,127,134
globe#an_trim#linear#under#1500,globe#an_trim#linear#under#1500#4#2#3.6,4,FL,1,1,1,1,1,1,1,1,1,1
globe#an_trim#linear#under#1500,globe#an_trim#linear#under#1500#4#2#3.6,4,Xt,0.527,0.554,0.578,0.561,0.559,0.569,0.58,0.61,0.652,0.679
globe#an_trim#linear#under#1500,globe#an_trim#linear#under#1500#4#2#3.6,4,Fd,1,1,1,1,1,1,1,1,1,1
globe#an_trim#linear#under#1500,globe#an_trim#linear#under#1500#6#3#3.625,6,Cv,28.6,66.4,103,142,180,220,253,284,308,324
globe#an_trim#linear#under#1500,globe#an_trim#linear#under#1500#6#3#3.625,6,FL,1,1,1,1,1,1,1,1,1,1
globe#an_trim#linear#under#1500,globe#an_trim#linear#under#1500#6#3#3.625,6,Xt,0.423,0.513,0.533,0.525,0.557,0.535,0.543,0.56,0.598,0.627
globe#an_trim#linear#under#1500,globe#an_trim#linear#under#1500#6#3#3.625,6,Fd,1,1,1,1,1,1,1,1,1,1
globe#an_trim#linear#under#1500,globe#an_trim#linear#under#1500#6#3#5.4,6,Cv,31.4,63.7,95.3,127,159,190,219,241,257,266
globe#an_trim#linear#under#1500,globe#an_trim#linear#under#1500#6#3#5.4,6,FL,1,1,1,1,1,1,1,1,1,1
globe#an_trim#linear#under#1500,globe#an_trim#linear#under#1500#6#3#5.4,6,Xt,0.572,0.556,0.549,0.551,0.544,0.55,0.555,0.594,0.637,0.672
globe#an_trim#linear#under#1500,globe#an_trim#linear#under#1500#6#3#5.4,6,Fd,1,1,1,1,1,1,1,1,1,1
globe#an_trim#linear#under#1500,globe#an_trim#linear#under#1500#3#2#2.875,3,Cv,3,9,14.4,18.6,23.4,28.5,34.6,40.2,45,48.8
globe#an_trim#linear#under#1500,globe#an_trim#linear#under#1500#3#2#2.875,3,FL,1,1,1,1,1,1,1,1,1,1
globe#an_trim#linear#under#1500,globe#an_trim#linear#under#1500#3#2#2.875,3,Xt,0.615,0.618,0.592,0.622,0.622,0.633,0.62,0.624,0.622,0.622
globe#an_trim#linear#under#1500,globe#an_trim#linear#under#1500#3#2#2.875,3,Fd,1,1,1,1,1,1,1,1,1,1
globe#an_trim#linear#under#1500,globe#an_trim#linear#under#1500#4#2#3.6,4,Cv,10,20.1,30.3,40.9,51.9,63,74.2,85.1,95.4,105
globe#an_trim#linear#under#1500,globe#an_trim#linear#under#1500#4#2#3.6,4,FL,1,1,1,1,1,1,1,1,1,1
globe#an_trim#linear#under#1500,globe#an_trim#linear#under#1500#4#2#3.6,4,Xt,0.527,0.554,0.578,0.561,0.559,0.569,0.58,0.61,0.652,0.679
globe#an_trim#linear#under#1500,globe#an_trim#linear#under#1500#4#2#3.6,4,Fd,1,1,1,1,1,1,1,1,1,1
globe#an_trim#linear#under#1500,globe#an_trim#linear#under#1500#6#3#5.4,6,Cv,23.7,46.5,69,91.2,113,136,158,180,201,220
globe#an_trim#linear#under#1500,globe#an_trim#linear#under#1500#6#3#5.4,6,FL,1,1,1,1,1,1,1,1,1,1
globe#an_trim#linear#under#1500,globe#an_trim#linear#under#1500#6#3#5.4,6,Xt,0.572,0.556,0.549,0.551,0.544,0.55,0.555,0.594,0.637,0.672
globe#an_trim#linear#under#1500,globe#an_trim#linear#under#1500#6#3#5.4,6,Fd,1,1,1,1,1,1,1,1,1,1
globe#an_trim#linear#under#1500,globe#an_trim#linear#under#1500#4#2#3.625,4,Cv,8,20,30,40,52,62,73,82,88.9,88.9
globe#an_trim#linear#under#1500,globe#an_trim#linear#under#1500#4#2#3.625,4,FL,1,1,1,1,1,1,1,1,1,1
globe#an_trim#linear#under#1500,globe#an_trim#linear#under#1500#4#2#3.625,4,Xt,0.591,0.531,0.524,0.517,0.513,0.509,0.517,0.527,0.522,0.522
globe#an_trim#linear#under#1500,globe#an_trim#linear#under#1500#4#2#3.625,4,Fd,1,1,1,1,1,1,1,1,1,1
globe#an_trim#linear#under#1500,globe#an_trim#linear#under#1500#4#2#3.6,4,Cv,10.3,20.9,31.6,42.8,54.3,66,77.6,88.8,99.3,109
globe#an_trim#linear#under#1500,globe#an_trim#linear#under#1500#4#2#3.6,4,FL,1,1,1,1,1,1,1,1,1,1
globe#an_trim#linear#under#1500,globe#an_trim#linear#under#1500#4#2#3.6,4,Xt,0.527,0.554,0.578,0.561,0.559,0.569,0.58,0.61,0.652,0.679
globe#an_trim#linear#under#1500,globe#an_trim#linear#under#1500#4#2#3.6,4,Fd,1,1,1,1,1,1,1,1,1,1
globe#an_trim#linear#under#1500,globe#an_trim#linear#under#1500#6#3#5.625,6,Cv,13,30,50,69,87,107,125,143,160,166
globe#an_trim#linear#under#1500,globe#an_trim#linear#under#1500#6#3#5.625,6,FL,1,1,1,1,1,1,1,1,1,1
globe#an_trim#linear#under#1500,globe#an_trim#linear#under#1500#6#3#5.625,6,Xt,0.577,0.58,0.548,0.552,0.563,0.545,0.554,0.552,0.555,0.554
globe#an_trim#linear#under#1500,globe#an_trim#linear#under#1500#6#3#5.625,6,Fd,0.087,0.051,0.042,0.034,0.031,0.028,0.026,0.024,0.022,0.022
globe#an_trim#linear#under#1500,globe#an_trim#linear#under#1500#6#3#5.4,6,Cv,25.4,50.4,75,99.3,124,148,173,196,218,236
globe#an_trim#linear#under#1500,globe#an_trim#linear#under#1500#6#3#5.4,6,FL,1,1,1,1,1,1,1,1,1,1
globe#an_trim#linear#under#1500,globe#an_trim#linear#under#1500#6#3#5.4,6,Xt,0.572,0.556,0.549,0.551,0.544,0.55,0.555,0.594,0.637,0.672
globe#an_trim#linear#under#1500,globe#an_trim#linear#under#1500#6#3#5.4,6,Fd,1,1,1,1,1,1,1,1,1,1
globe#an_trim#linear#under#1500,globe#an_trim#linear#under#1500#4#2#3.625,4,Cv,8,15,21.5,28,34.4,41,47.3,53.5,56.5,56.8
globe#an_trim#linear#under#1500,globe#an_trim#linear#under#1500#4#2#3.625,4,FL,0.1,0.1,0.1,0.1,0.1,0.1,0.1,0.1,0.1,0.1
globe#an_trim#linear#under#1500,globe#an_trim#linear#under#1500#4#2#3.625,4,Xt,0.526,0.516,0.53,0.53,0.539,0.535,0.54,0.538,0.54,0.54
globe#an_trim#linear#under#1500,globe#an_trim#linear#under#1500#4#2#3.625,4,Fd,0.14,0.11,0.079,0.064,0.06,0.053,0.047,0.046,0.042,0.042
globe#an_trim#linear#under#1500,globe#an_trim#linear#under#1500#4#2#3.6,4,Cv,7.66,14.5,21.2,28.1,35.2,42.4,49.8,57.3,64.8,72.4
globe#an_trim#linear#under#1500,globe#an_trim#linear#under#1500#4#2#3.6,4,FL,0.1,0.1,0.1,0.1,0.1,0.1,0.1,0.1,0.1,0.1
globe#an_trim#linear#under#1500,globe#an_trim#linear#under#1500#4#2#3.6,4,Xt,0.527,0.554,0.578,0.561,0.559,0.569,0.58,0.61,0.652,0.679
globe#an_trim#linear#under#1500,globe#an_trim#linear#under#1500#4#2#3.6,4,Fd,0.1,0.1,0.1,0.1,0.1,0.1,0.1,0.1,0.1,0.1
globe#an_trim#linear#under#1500,globe#an_trim#linear#under#1500#6#3#5.375,6,Cv,8.3,20.5,33,44.3,57,69,83,96.5,108,112
globe#an_trim#linear#under#1500,globe#an_trim#linear#under#1500#6#3#5.375,6,FL,0.1,0.1,0.1,0.1,0.1,0.1,0.1,0.1,0.1,0.1
globe#an_trim#linear#under#1500,globe#an_trim#linear#under#1500#6#3#5.375,6,Xt,0.567,0.575,0.572,0.572,0.556,0.568,0.563,0.561,0.559,0.563
globe#an_trim#linear#under#1500,globe#an_trim#linear#under#1500#6#3#5.375,6,Fd,0.093,0.067,0.051,0.045,0.039,0.036,0.032,0.031,0.029,0.028
globe#an_trim#linear#under#1500,globe#an_trim#linear#under#1500#6#3#5.4,6,Cv,18.4,34.7,51,67,82.9,98.7,114,130,146,162
globe#an_trim#linear#under#1500,globe#an_trim#linear#under#1500#6#3#5.4,6,FL,0.1,0.1,0.1,0.1,0.1,0.1,0.1,0.1,0.1,0.1
globe#an_trim#linear#under#1500,globe#an_trim#linear#under#1500#6#3#5.4,6,Xt,0.572,0.556,0.549,0.551,0.544,0.55,0.555,0.594,0.637,0.672
globe#an_trim#linear#under#1500,globe#an_trim#linear#under#1500#6#3#5.4,6,Fd,0.1,0.1,0.1,0.1,0.1,0.1,0.1,0.1,0.1,0.1
globe#an_trim#linear#under#1500,globe#an_trim#linear#under#1500#4#2#2.875,4,Cv,4,7.9,11.5,15.2,18.8,22.8,27,30.8,33.7,37.1
globe#an_trim#linear#under#1500,globe#an_trim#linear#under#1500#4#2#2.875,4,FL,0.1,0.1,0.1,0.1,0.1,0.1,0.1,0.1,0.1,0.1
globe#an_trim#linear#under#1500,globe#an_trim#linear#under#1500#4#2#2.875,4,Xt,0.517,0.525,0.54,0.526,0.533,0.536,0.534,0.53,0.533,0.53
globe#an_trim#linear#under#1500,globe#an_trim#linear#under#1500#4#2#2.875,4,Fd,0.1,0.1,0.1,0.1,0.1,0.1,0.1,0.1,0.1,0.1
globe#an_trim#linear#under#1500,globe#an_trim#linear#under#1500#6#3#4.375,6,Cv,7,14,20.7,28,34.8,41.6,48.5,55.7,62.5,69.6
globe#an_trim#linear#under#1500,globe#an_trim#linear#under#1500#6#3#4.375,6,FL,0.1,0.1,0.1,0.1,0.1,0.1,0.1,0.1,0.1,0.1
globe#an_trim#linear#under#1500,globe#an_trim#linear#under#1500#6#3#4.375,6,Xt,0.563,0.557,0.572,0.557,0.569,0.564,0.566,0.562,0.566,0.564
globe#an_trim#linear#under#1500,globe#an_trim#linear#under#1500#6#3#4.375,6,Fd,0.1,0.1,0.1,0.1,0.1,0.1,0.1,0.1,0.1,0.1
globe#an_trim#linear#under#2500,globe#an_trim#linear#under#2500#2#1.5#1.875,2,Cv,3.1,8.4,13.1,17.3,21.4,25.1,28.3,30.8,32.9,34.9
globe#an_trim#linear#under#2500,globe#an_trim#linear#under#2500#2#1.5#1.875,2,FL,1,1,1,1,1,1,1,1,1,1
globe#an_trim#linear#under#2500,globe#an_trim#linear#under#2500#2#1.5#1.875,2,Xt,0.516,0.602,0.604,0.61,0.607,0.618,0.608,0.607,0.612,0.608
globe#an_trim#linear#under#2500,globe#an_trim#linear#under#2500#2#1.5#1.875,2,Fd,1,1,1,1,1,1,1,1,1,1
globe#an_trim#linear#under#2500,globe#an_trim#linear#under#2500#3#1.5#2.25,3,Cv,7.25,15.7,23.7,31,37.9,44,50,56,61,66
globe#an_trim#linear#under#2500,globe#an_trim#linear#under#2500#3#1.5#2.25,3,FL,1,1,1,1,1,1,1,1,1,1
globe#an_trim#linear#under#2500,globe#an_trim#linear#under#2500#3#1.5#2.25,3,Xt,0.512,0.541,0.545,0.564,0.564,0.592,0.626,0.671,0.702,0.711
globe#an_trim#linear#under#2500,globe#an_trim#linear#under#2500#3#1.5#2.25,3,Fd,1,1,1,1,1,1,1,1,1,1
globe#an_trim#linear#under#2500,globe#an_trim#linear#under#2500#4#2#2.9,4,Cv,12.42,27.8,42.9,57,70.3,83,96,107,117,124
globe#an_trim#linear#under#2500,globe#an_trim#linear#under#2500#4#2#2.9,4,FL,1,1,1,1,1,1,1,1,1,1
globe#an_trim#linear#under#2500,globe#an_trim#linear#under#2500#4#2#2.9,4,Xt,0.561,0.546,0.553,0.556,0.581,0.598,0.629,0.657,0.704,0.707
globe#an_trim#linear#under#2500,globe#an_trim#linear#under#2500#4#2#2.9,4,Fd,1,1,1,1,1,1,1,1,1,1
globe#an_trim#linear#under#2500,globe#an_trim#linear#under#2500#6#3#4.167,6,Cv,30.39,64.9,98.1,128.8,158.1,187,214,237,254,266
globe#an_trim#linear#under#2500,globe#an_trim#linear#under#2500#6#3#4.167,6,FL,1,1,1,1,1,1,1,1,1,1
globe#an_trim#linear#under#2500,globe#an_trim#linear#under#2500#6#3#4.167,6,Xt,0.561,0.546,0.553,0.556,0.581,0.598,0.629,0.657,0.704,0.707
globe#an_trim#linear#under#2500,globe#an_trim#linear#under#2500#6#3#4.167,6,Fd,1,1,1,1,1,1,1,1,1,1
globe#an_trim#linear#under#2500,globe#an_trim#linear#under#2500#3#1.5#2.25,3,Cv,7.97,17.5,26.4,34.6,42,49,55,61,67,72
globe#an_trim#linear#under#2500,globe#an_trim#linear#under#2500#3#1.5#2.25,3,FL,1,1,1,1,1,1,1,1,1,1
globe#an_trim#linear#under#2500,globe#an_trim#linear#under#2500#3#1.5#2.25,3,Xt,0.512,0.541,0.545,0.564,0.564,0.592,0.626,0.671,0.702,0.711
globe#an_trim#linear#under#2500,globe#an_trim#linear#under#2500#3#1.5#2.25,3,Fd,1,1,1,1,1,1,1,1,1,1
globe#an_trim#linear#under#2500,globe#an_trim#linear#under#2500#4#2#2.9,4,Cv,12.26,27.4,42.3,56.2,69.3,82,94,106,116,123
globe#an_trim#linear#under#2500,globe#an_trim#linear#under#2500#4#2#2.9,4,FL,1,1,1,1,1,1,1,1,1,1
globe#an_trim#linear#under#2500,globe#an_trim#linear#under#2500#4#2#2.9,4,Xt,0.561,0.546,0.553,0.556,0.581,0.598,0.629,0.657,0.704,0.707
globe#an_trim#linear#under#2500,globe#an_trim#linear#under#2500#4#2#2.9,4,Fd,1,1,1,1,1,1,1,1,1,1
globe#an_trim#linear#under#2500,globe#an_trim#linear#under#2500#6#3#4.167,6,Cv,28.31,60.1,91.1,119.9,147.2,174,200,223,243,257
globe#an_trim#linear#under#2500,globe#an_trim#linear#under#2500#6#3#4.167,6,FL,1,1,1,1,1,1,1,1,1,1
globe#an_trim#linear#under#2500,7globe#an_trim#linear#under#2500#6#3#4.167,6,Xt,0.561,0.546,0.553,0.556,0.581,0.598,0.629,0.657,0.704,0.707
globe#an_trim#linear#under#2500,globe#an_trim#linear#under#2500#6#3#4.167,6,Fd,1,1,1,1,1,1,1,1,1,1
globe#an_trim#linear#under#2500,globe#an_trim#linear#under#2500#3#1.5#2.25,3,Cv,5.51,11.3,16.8,22.1,27.2,32,37,41,45,49
globe#an_trim#linear#under#2500,globe#an_trim#linear#under#2500#3#1.5#2.25,3,FL,1,1,1,1,1,1,1,1,1,1
globe#an_trim#linear#under#2500,globe#an_trim#linear#under#2500#3#1.5#2.25,3,Xt,0.512,0.541,0.545,0.564,0.564,0.592,0.626,0.671,0.702,0.711
globe#an_trim#linear#under#2500,globe#an_trim#linear#under#2500#3#1.5#2.25,3,Fd,1,1,1,1,1,1,1,1,1,1
globe#an_trim#linear#under#2500,globe#an_trim#linear#under#2500#4#2#2.9,4,Cv,8.35,17,26.1,35.2,44,52,60,68,76,83
globe#an_trim#linear#under#2500,globe#an_trim#linear#under#2500#4#2#2.9,4,FL,1,1,1,1,1,1,1,1,1,1
globe#an_trim#linear#under#2500,globe#an_trim#linear#under#2500#4#2#2.9,4,Xt,0.561,0.546,0.553,0.556,0.581,0.598,0.629,0.657,0.704,0.707
globe#an_trim#linear#under#2500,globe#an_trim#linear#under#2500#4#2#2.9,4,Fd,1,1,1,1,1,1,1,1,1,1
globe#an_trim#linear#under#2500,globe#an_trim#linear#under#2500#6#3#4.167,6,Cv,18.92,37.4,56.8,76,94.3,112,129,145,161,177
globe#an_trim#linear#under#2500,globe#an_trim#linear#under#2500#6#3#4.167,6,FL,1,1,1,1,1,1,1,1,1,1
globe#an_trim#linear#under#2500,globe#an_trim#linear#under#2500#6#3#4.167,6,Xt,0.561,0.546,0.553,0.556,0.581,0.598,0.629,0.657,0.704,0.707
globe#an_trim#linear#under#2500,globe#an_trim#linear#under#2500#6#3#4.167,6,Fd,1,1,1,1,1,1,1,1,1,1
globe#an_trim#linear#under#2500,globe#an_trim#linear#under#2500#3#1.5#2.25,3,Cv,4.44,8.5,12.4,16.3,20,24,27,30,34,37
globe#an_trim#linear#under#2500,globe#an_trim#linear#under#2500#3#1.5#2.25,3,FL,1,1,1,1,1,1,1,1,1,1
globe#an_trim#linear#under#2500,globe#an_trim#linear#under#2500#3#1.5#2.25,3,Xt,0.515,0.487,0.5,0.517,0.527,0.553,0.603,0.678,0.777,0.799
globe#an_trim#linear#under#2500,globe#an_trim#linear#under#2500#3#1.5#2.25,3,Fd,1,1,1,1,1,1,1,1,1,1
globe#an_trim#linear#under#2500,globe#an_trim#linear#under#2500#4#2#2.9,4,Cv,6.22,11.2,16.6,22.2,27.8,33,39,44,49,54
globe#an_trim#linear#under#2500,globe#an_trim#linear#under#2500#4#2#2.9,4,FL,1,1,1,1,1,1,1,1,1,1
globe#an_trim#linear#under#2500,globe#an_trim#linear#under#2500#4#2#2.9,4,Xt,0.515,0.487,0.5,0.517,0.527,0.553,0.603,0.678,0.777,0.799
globe#an_trim#linear#under#2500,globe#an_trim#linear#under#2500#4#2#2.9,4,Fd,1,1,1,1,1,1,1,1,1,1
globe#an_trim#linear#under#2500,globe#an_trim#linear#under#2500#6#3#4.167,6,Cv,13.72,24.4,36,47.9,59.9,72,83,94,105,116
globe#an_trim#linear#under#2500,globe#an_trim#linear#under#2500#6#3#4.167,6,FL,1,1,1,1,1,1,1,1,1,1
globe#an_trim#linear#under#2500,globe#an_trim#linear#under#2500#6#3#4.167,6,Xt,0.561,0.546,0.553,0.556,0.581,0.598,0.629,0.657,0.704,0.707
globe#an_trim#linear#under#2500,globe#an_trim#linear#under#2500#6#3#4.167,6,Fd,1,1,1,1,1,1,1,1,1,1
globe#an_trim#linear#under#2500,globe#an_trim#linear#under#2500#3#2#1.375,3,Cv,3.37,6.8,9.9,12.8,15.5,18,20,22,24,26
globe#an_trim#linear#under#2500,globe#an_trim#linear#under#2500#3#2#1.375,3,FL,1,1,1,1,1,1,1,1,1,1
globe#an_trim#linear#under#2500,globe#an_trim#linear#under#2500#3#2#1.375,3,Xt,0.512,0.541,0.545,0.564,0.564,0.592,0.626,0.671,0.702,0.711
globe#an_trim#linear#under#2500,globe#an_trim#linear#under#2500#3#2#1.375,3,Fd,1,1,1,1,1,1,1,1,1,1
globe#an_trim#linear#under#2500,globe#an_trim#linear#under#2500#4#2#2.25,4,Cv,4.34,8.2,12.4,16.7,20.9,25,29,33,36,40
globe#an_trim#linear#under#2500,globe#an_trim#linear#under#2500#4#2#2.25,4,FL,1,1,1,1,1,1,1,1,1,1
globe#an_trim#linear#under#2500,globe#an_trim#linear#under#2500#4#2#2.25,4,Xt,0.515,0.487,0.5,0.517,0.527,0.553,0.603,0.678,0.777,0.799
globe#an_trim#linear#under#2500,globe#an_trim#linear#under#2500#4#2#2.25,4,Fd,1,1,1,1,1,1,1,1,1,1
globe#an_trim#linear#under#2500,globe#an_trim#linear#under#2500#6#3#4.167,6,Cv,13.72,24.4,36,47.9,59.9,72,83,94,105,116
globe#an_trim#linear#under#2500,globe#an_trim#linear#under#2500#6#3#4.167,6,FL,1,1,1,1,1,1,1,1,1,1
globe#an_trim#linear#under#2500,globe#an_trim#linear#under#2500#6#3#4.167,6,Xt,0.561,0.546,0.553,0.556,0.581,0.598,0.629,0.657,0.704,0.707
globe#an_trim#linear#under#2500,globe#an_trim#linear#under#2500#6#3#4.167,6,Fd,1,1,1,1,1,1,1,1,1,1
